ProductID,date,inventory_level
P001,2023-01-01,219
P002,2023-01-01,200
P003,2023-01-01,232
P004,2023-01-01,518
P005,2023-01-01,100
P006,2023-01-01,139
P007,2023-01-01,399
P008,2023-01-01,528
P009,2023-01-01,523
P010,2023-01-01,206
P011,2023-01-01,308
P012,2023-01-01,464
P013,2023-01-01,399
P014,2023-01-01,166
P015,2023-01-01,615
P016,2023-01-01,286
P017,2023-01-01,136
P018,2023-01-01,106
P019,2023-01-01,144
P020,2023-01-01,932
P021,2023-01-01,152
P022,2023-01-01,139
P023,2023-01-01,136
P024,2023-01-01,110
P025,2023-01-01,249
P026,2023-01-01,540
P027,2023-01-01,260
P028,2023-01-01,364
P029,2023-01-01,220
P030,2023-01-01,533
P031,2023-01-01,387
P032,2023-01-01,92
P033,2023-01-01,678
P034,2023-01-01,560
P035,2023-01-01,464
P036,2023-01-01,81
P037,2023-01-01,584
P038,2023-01-01,270
P039,2023-01-01,740
P040,2023-01-01,248
P041,2023-01-01,182
P042,2023-01-01,188
P043,2023-01-01,781
P044,2023-01-01,309
P045,2023-01-01,141
P046,2023-01-01,419
P047,2023-01-01,311
P048,2023-01-01,227
P049,2023-01-01,384
P050,2023-01-01,150
P051,2023-01-01,167
P052,2023-01-01,290
P053,2023-01-01,202
P054,2023-01-01,423
P055,2023-01-01,475
P056,2023-01-01,454
P057,2023-01-01,243
P058,2023-01-01,337
P059,2023-01-01,265
P060,2023-01-01,616
P061,2023-01-01,192
P062,2023-01-01,171
P063,2023-01-01,709
P064,2023-01-01,367
P065,2023-01-01,397
P066,2023-01-01,346
P067,2023-01-01,273
P068,2023-01-01,341
P069,2023-01-01,440
P070,2023-01-01,656
P071,2023-01-01,381
P072,2023-01-01,501
P073,2023-01-01,231
P074,2023-01-01,161
P075,2023-01-01,125
P076,2023-01-01,612
P077,2023-01-01,104
P078,2023-01-01,72
P079,2023-01-01,234
P080,2023-01-01,204
P081,2023-01-01,162
P082,2023-01-01,817
P083,2023-01-01,578
P084,2023-01-01,733
P085,2023-01-01,722
P086,2023-01-01,645
P087,2023-01-01,576
P088,2023-01-01,200
P089,2023-01-01,79
P090,2023-01-01,199
P091,2023-01-01,240
P092,2023-01-01,113
P093,2023-01-01,165
P094,2023-01-01,226
P095,2023-01-01,239
P096,2023-01-01,169
P097,2023-01-01,288
P098,2023-01-01,255
P099,2023-01-01,356
P100,2023-01-01,313
P101,2023-01-01,352
P102,2023-01-01,608
P103,2023-01-01,493
P104,2023-01-01,513
P105,2023-01-01,201
P106,2023-01-01,269
P107,2023-01-01,129
P108,2023-01-01,237
P109,2023-01-01,219
P110,2023-01-01,181
P111,2023-01-01,1190
P112,2023-01-01,289
P113,2023-01-01,195
P114,2023-01-01,575
P115,2023-01-01,332
P116,2023-01-01,247
P117,2023-01-01,202
P118,2023-01-01,345
P119,2023-01-01,159
P120,2023-01-01,108
P121,2023-01-01,5
P122,2023-01-01,324
P123,2023-01-01,144
P124,2023-01-01,520
P125,2023-01-01,491
P126,2023-01-01,183
P127,2023-01-01,533
P128,2023-01-01,466
P129,2023-01-01,308
P130,2023-01-01,79
P131,2023-01-01,447
P132,2023-01-01,141
P133,2023-01-01,500
P134,2023-01-01,1096
P135,2023-01-01,598
P136,2023-01-01,377
P137,2023-01-01,358
P138,2023-01-01,574
P139,2023-01-01,103
P140,2023-01-01,77
P141,2023-01-01,132
P142,2023-01-01,687
P143,2023-01-01,237
P144,2023-01-01,938
P145,2023-01-01,104
P146,2023-01-01,154
P147,2023-01-01,329
P148,2023-01-01,677
P149,2023-01-01,284
P150,2023-01-01,279
P151,2023-01-01,272
P152,2023-01-01,104
P153,2023-01-01,605
P154,2023-01-01,108
P155,2023-01-01,308
P156,2023-01-01,217
P157,2023-01-01,626
P158,2023-01-01,165
P159,2023-01-01,385
P160,2023-01-01,466
P161,2023-01-01,129
P162,2023-01-01,159
P163,2023-01-01,989
P164,2023-01-01,621
P165,2023-01-01,241
P166,2023-01-01,411
P167,2023-01-01,271
P168,2023-01-01,410
P169,2023-01-01,292
P170,2023-01-01,325
P171,2023-01-01,395
P172,2023-01-01,462
P173,2023-01-01,624
P174,2023-01-01,269
P175,2023-01-01,331
P176,2023-01-01,322
P177,2023-01-01,775
P178,2023-01-01,201
P179,2023-01-01,196
P180,2023-01-01,117
P181,2023-01-01,304
P182,2023-01-01,325
P183,2023-01-01,147
P184,2023-01-01,428
P185,2023-01-01,322
P186,2023-01-01,132
P187,2023-01-01,574
P188,2023-01-01,627
P189,2023-01-01,1639
P190,2023-01-01,320
P191,2023-01-01,469
P192,2023-01-01,719
P193,2023-01-01,238
P194,2023-01-01,408
P195,2023-01-01,245
P196,2023-01-01,79
P197,2023-01-01,250
P198,2023-01-01,85
P199,2023-01-01,459
P200,2023-01-01,265
P201,2023-01-01,347
P202,2023-01-01,165
P203,2023-01-01,307
P204,2023-01-01,347
P205,2023-01-01,1034
P206,2023-01-01,130
P207,2023-01-01,350
P208,2023-01-01,229
P209,2023-01-01,349
P210,2023-01-01,457
P211,2023-01-01,409
P212,2023-01-01,193
P213,2023-01-01,302
P214,2023-01-01,114
P215,2023-01-01,177
P216,2023-01-01,434
P217,2023-01-01,134
P218,2023-01-01,319
P219,2023-01-01,290
P220,2023-01-01,486
P221,2023-01-01,460
P222,2023-01-01,249
P223,2023-01-01,321
P224,2023-01-01,203
P225,2023-01-01,148
P226,2023-01-01,203
P227,2023-01-01,163
P228,2023-01-01,1035
P229,2023-01-01,235
P230,2023-01-01,157
P231,2023-01-01,139
P232,2023-01-01,362
P233,2023-01-01,132
P234,2023-01-01,109
P235,2023-01-01,471
P236,2023-01-01,135
P237,2023-01-01,163
P238,2023-01-01,605
P239,2023-01-01,969
P240,2023-01-01,112
P241,2023-01-01,254
P242,2023-01-01,766
P243,2023-01-01,269
P244,2023-01-01,274
P245,2023-01-01,243
P246,2023-01-01,180
P247,2023-01-01,321
P248,2023-01-01,750
P249,2023-01-01,463
P250,2023-01-01,127
P001,2023-02-01,172
P002,2023-02-01,171
P003,2023-02-01,170
P004,2023-02-01,407
P005,2023-02-01,69
P006,2023-02-01,104
P007,2023-02-01,298
P008,2023-02-01,295
P009,2023-02-01,434
P010,2023-02-01,120
P011,2023-02-01,241
P012,2023-02-01,394
P013,2023-02-01,241
P014,2023-02-01,136
P015,2023-02-01,493
P016,2023-02-01,221
P017,2023-02-01,89
P018,2023-02-01,72
P019,2023-02-01,109
P020,2023-02-01,763
P021,2023-02-01,101
P022,2023-02-01,100
P023,2023-02-01,86
P024,2023-02-01,61
P025,2023-02-01,174
P026,2023-02-01,371
P027,2023-02-01,227
P028,2023-02-01,281
P029,2023-02-01,192
P030,2023-02-01,383
P031,2023-02-01,312
P032,2023-02-01,59
P033,2023-02-01,584
P034,2023-02-01,438
P035,2023-02-01,382
P036,2023-02-01,49
P037,2023-02-01,0
P038,2023-02-01,229
P039,2023-02-01,559
P040,2023-02-01,46
P041,2023-02-01,142
P042,2023-02-01,164
P043,2023-02-01,637
P044,2023-02-01,247
P045,2023-02-01,89
P046,2023-02-01,334
P047,2023-02-01,0
P048,2023-02-01,87
P049,2023-02-01,303
P050,2023-02-01,119
P051,2023-02-01,127
P052,2023-02-01,239
P053,2023-02-01,134
P054,2023-02-01,358
P055,2023-02-01,386
P056,2023-02-01,0
P057,2023-02-01,164
P058,2023-02-01,218
P059,2023-02-01,178
P060,2023-02-01,476
P061,2023-02-01,157
P062,2023-02-01,127
P063,2023-02-01,592
P064,2023-02-01,305
P065,2023-02-01,293
P066,2023-02-01,220
P067,2023-02-01,152
P068,2023-02-01,61
P069,2023-02-01,350
P070,2023-02-01,480
P071,2023-02-01,237
P072,2023-02-01,352
P073,2023-02-01,130
P074,2023-02-01,111
P075,2023-02-01,78
P076,2023-02-01,501
P077,2023-02-01,72
P078,2023-02-01,0
P079,2023-02-01,200
P080,2023-02-01,156
P081,2023-02-01,119
P082,2023-02-01,646
P083,2023-02-01,458
P084,2023-02-01,649
P085,2023-02-01,528
P086,2023-02-01,546
P087,2023-02-01,348
P088,2023-02-01,151
P089,2023-02-01,47
P090,2023-02-01,153
P091,2023-02-01,125
P092,2023-02-01,10
P093,2023-02-01,130
P094,2023-02-01,141
P095,2023-02-01,141
P096,2023-02-01,110
P097,2023-02-01,228
P098,2023-02-01,181
P099,2023-02-01,0
P100,2023-02-01,255
P101,2023-02-01,305
P102,2023-02-01,340
P103,2023-02-01,385
P104,2023-02-01,390
P105,2023-02-01,165
P106,2023-02-01,221
P107,2023-02-01,89
P108,2023-02-01,198
P109,2023-02-01,115
P110,2023-02-01,125
P111,2023-02-01,1055
P112,2023-02-01,223
P113,2023-02-01,160
P114,2023-02-01,506
P115,2023-02-01,259
P116,2023-02-01,155
P117,2023-02-01,123
P118,2023-02-01,262
P119,2023-02-01,136
P120,2023-02-01,53
P121,2023-02-01,305
P122,2023-02-01,285
P123,2023-02-01,107
P124,2023-02-01,452
P125,2023-02-01,384
P126,2023-02-01,135
P127,2023-02-01,371
P128,2023-02-01,390
P129,2023-02-01,232
P130,2023-02-01,53
P131,2023-02-01,366
P132,2023-02-01,64
P133,2023-02-01,380
P134,2023-02-01,910
P135,2023-02-01,445
P136,2023-02-01,325
P137,2023-02-01,295
P138,2023-02-01,293
P139,2023-02-01,72
P140,2023-02-01,48
P141,2023-02-01,82
P142,2023-02-01,570
P143,2023-02-01,184
P144,2023-02-01,758
P145,2023-02-01,74
P146,2023-02-01,123
P147,2023-02-01,267
P148,2023-02-01,590
P149,2023-02-01,228
P150,2023-02-01,218
P151,2023-02-01,192
P152,2023-02-01,76
P153,2023-02-01,469
P154,2023-02-01,60
P155,2023-02-01,130
P156,2023-02-01,150
P157,2023-02-01,506
P158,2023-02-01,38
P159,2023-02-01,318
P160,2023-02-01,376
P161,2023-02-01,104
P162,2023-02-01,87
P163,2023-02-01,744
P164,2023-02-01,479
P165,2023-02-01,199
P166,2023-02-01,333
P167,2023-02-01,201
P168,2023-02-01,270
P169,2023-02-01,219
P170,2023-02-01,263
P171,2023-02-01,254
P172,2023-02-01,389
P173,2023-02-01,368
P174,2023-02-01,67
P175,2023-02-01,251
P176,2023-02-01,250
P177,2023-02-01,695
P178,2023-02-01,132
P179,2023-02-01,153
P180,2023-02-01,87
P181,2023-02-01,200
P182,2023-02-01,254
P183,2023-02-01,107
P184,2023-02-01,345
P185,2023-02-01,252
P186,2023-02-01,100
P187,2023-02-01,487
P188,2023-02-01,486
P189,2023-02-01,1250
P190,2023-02-01,265
P191,2023-02-01,402
P192,2023-02-01,562
P193,2023-02-01,141
P194,2023-02-01,340
P195,2023-02-01,192
P196,2023-02-01,47
P197,2023-02-01,97
P198,2023-02-01,46
P199,2023-02-01,271
P200,2023-02-01,227
P201,2023-02-01,259
P202,2023-02-01,0
P203,2023-02-01,190
P204,2023-02-01,258
P205,2023-02-01,947
P206,2023-02-01,97
P207,2023-02-01,301
P208,2023-02-01,169
P209,2023-02-01,270
P210,2023-02-01,315
P211,2023-02-01,316
P212,2023-02-01,163
P213,2023-02-01,206
P214,2023-02-01,0
P215,2023-02-01,129
P216,2023-02-01,299
P217,2023-02-01,86
P218,2023-02-01,264
P219,2023-02-01,239
P220,2023-02-01,385
P221,2023-02-01,382
P222,2023-02-01,167
P223,2023-02-01,264
P224,2023-02-01,150
P225,2023-02-01,83
P226,2023-02-01,150
P227,2023-02-01,86
P228,2023-02-01,800
P229,2023-02-01,189
P230,2023-02-01,103
P231,2023-02-01,105
P232,2023-02-01,233
P233,2023-02-01,103
P234,2023-02-01,68
P235,2023-02-01,299
P236,2023-02-01,105
P237,2023-02-01,74
P238,2023-02-01,459
P239,2023-02-01,819
P240,2023-02-01,74
P241,2023-02-01,216
P242,2023-02-01,655
P243,2023-02-01,178
P244,2023-02-01,236
P245,2023-02-01,207
P246,2023-02-01,123
P247,2023-02-01,265
P248,2023-02-01,306
P249,2023-02-01,358
P250,2023-02-01,85
P001,2023-03-01,129
P002,2023-03-01,137
P003,2023-03-01,102
P004,2023-03-01,299
P005,2023-03-01,38
P006,2023-03-01,57
P007,2023-03-01,226
P008,2023-03-01,128
P009,2023-03-01,363
P010,2023-03-01,29
P011,2023-03-01,170
P012,2023-03-01,299
P013,2023-03-01,181
P014,2023-03-01,110
P015,2023-03-01,409
P016,2023-03-01,162
P017,2023-03-01,43
P018,2023-03-01,38
P019,2023-03-01,83
P020,2023-03-01,609
P021,2023-03-01,66
P022,2023-03-01,61
P023,2023-03-01,33
P024,2023-03-01,12
P025,2023-03-01,87
P026,2023-03-01,221
P027,2023-03-01,185
P028,2023-03-01,203
P029,2023-03-01,153
P030,2023-03-01,241
P031,2023-03-01,233
P032,2023-03-01,26
P033,2023-03-01,483
P034,2023-03-01,271
P035,2023-03-01,309
P036,2023-03-01,15
P037,2023-03-01,510
P038,2023-03-01,164
P039,2023-03-01,415
P040,2023-03-01,358
P041,2023-03-01,102
P042,2023-03-01,122
P043,2023-03-01,505
P044,2023-03-01,159
P045,2023-03-01,57
P046,2023-03-01,263
P047,2023-03-01,597
P048,2023-03-01,0
P049,2023-03-01,233
P050,2023-03-01,81
P051,2023-03-01,92
P052,2023-03-01,194
P053,2023-03-01,59
P054,2023-03-01,299
P055,2023-03-01,324
P056,2023-03-01,435
P057,2023-03-01,97
P058,2023-03-01,66
P059,2023-03-01,121
P060,2023-03-01,303
P061,2023-03-01,118
P062,2023-03-01,86
P063,2023-03-01,470
P064,2023-03-01,253
P065,2023-03-01,190
P066,2023-03-01,104
P067,2023-03-01,474
P068,2023-03-01,494
P069,2023-03-01,253
P070,2023-03-01,266
P071,2023-03-01,125
P072,2023-03-01,189
P073,2023-03-01,81
P074,2023-03-01,68
P075,2023-03-01,35
P076,2023-03-01,418
P077,2023-03-01,46
P078,2023-03-01,77
P079,2023-03-01,153
P080,2023-03-01,105
P081,2023-03-01,88
P082,2023-03-01,529
P083,2023-03-01,377
P084,2023-03-01,427
P085,2023-03-01,425
P086,2023-03-01,444
P087,2023-03-01,114
P088,2023-03-01,109
P089,2023-03-01,15
P090,2023-03-01,109
P091,2023-03-01,85
P092,2023-03-01,194
P093,2023-03-01,96
P094,2023-03-01,38
P095,2023-03-01,43
P096,2023-03-01,41
P097,2023-03-01,129
P098,2023-03-01,119
P099,2023-03-01,468
P100,2023-03-01,189
P101,2023-03-01,241
P102,2023-03-01,2
P103,2023-03-01,277
P104,2023-03-01,275
P105,2023-03-01,131
P106,2023-03-01,165
P107,2023-03-01,53
P108,2023-03-01,129
P109,2023-03-01,4
P110,2023-03-01,56
P111,2023-03-01,901
P112,2023-03-01,174
P113,2023-03-01,133
P114,2023-03-01,427
P115,2023-03-01,197
P116,2023-03-01,63
P117,2023-03-01,46
P118,2023-03-01,179
P119,2023-03-01,105
P120,2023-03-01,186
P121,2023-03-01,251
P122,2023-03-01,229
P123,2023-03-01,56
P124,2023-03-01,382
P125,2023-03-01,274
P126,2023-03-01,97
P127,2023-03-01,247
P128,2023-03-01,289
P129,2023-03-01,147
P130,2023-03-01,27
P131,2023-03-01,270
P132,2023-03-01,437
P133,2023-03-01,291
P134,2023-03-01,697
P135,2023-03-01,280
P136,2023-03-01,252
P137,2023-03-01,228
P138,2023-03-01,0
P139,2023-03-01,35
P140,2023-03-01,22
P141,2023-03-01,21
P142,2023-03-01,465
P143,2023-03-01,86
P144,2023-03-01,621
P145,2023-03-01,40
P146,2023-03-01,91
P147,2023-03-01,231
P148,2023-03-01,485
P149,2023-03-01,175
P150,2023-03-01,0
P151,2023-03-01,134
P152,2023-03-01,52
P153,2023-03-01,390
P154,2023-03-01,18
P155,2023-03-01,7
P156,2023-03-01,101
P157,2023-03-01,425
P158,2023-03-01,274
P159,2023-03-01,256
P160,2023-03-01,311
P161,2023-03-01,82
P162,2023-03-01,285
P163,2023-03-01,661
P164,2023-03-01,303
P165,2023-03-01,158
P166,2023-03-01,248
P167,2023-03-01,129
P168,2023-03-01,163
P169,2023-03-01,150
P170,2023-03-01,236
P171,2023-03-01,100
P172,2023-03-01,331
P173,2023-03-01,215
P174,2023-03-01,365
P175,2023-03-01,204
P176,2023-03-01,172
P177,2023-03-01,196
P178,2023-03-01,49
P179,2023-03-01,100
P180,2023-03-01,55
P181,2023-03-01,64
P182,2023-03-01,173
P183,2023-03-01,49
P184,2023-03-01,271
P185,2023-03-01,169
P186,2023-03-01,69
P187,2023-03-01,388
P188,2023-03-01,316
P189,2023-03-01,889
P190,2023-03-01,201
P191,2023-03-01,305
P192,2023-03-01,407
P193,2023-03-01,74
P194,2023-03-01,242
P195,2023-03-01,148
P196,2023-03-01,14
P197,2023-03-01,0
P198,2023-03-01,19
P199,2023-03-01,135
P200,2023-03-01,177
P201,2023-03-01,168
P202,2023-03-01,215
P203,2023-03-01,79
P204,2023-03-01,184
P205,2023-03-01,639
P206,2023-03-01,65
P207,2023-03-01,220
P208,2023-03-01,111
P209,2023-03-01,194
P210,2023-03-01,299
P211,2023-03-01,262
P212,2023-03-01,132
P213,2023-03-01,122
P214,2023-03-01,138
P215,2023-03-01,86
P216,2023-03-01,164
P217,2023-03-01,40
P218,2023-03-01,203
P219,2023-03-01,170
P220,2023-03-01,256
P221,2023-03-01,305
P222,2023-03-01,107
P223,2023-03-01,213
P224,2023-03-01,118
P225,2023-03-01,32
P226,2023-03-01,90
P227,2023-03-01,22
P228,2023-03-01,601
P229,2023-03-01,141
P230,2023-03-01,50
P231,2023-03-01,75
P232,2023-03-01,163
P233,2023-03-01,75
P234,2023-03-01,24
P235,2023-03-01,151
P236,2023-03-01,78
P237,2023-03-01,291
P238,2023-03-01,335
P239,2023-03-01,742
P240,2023-03-01,36
P241,2023-03-01,173
P242,2023-03-01,495
P243,2023-03-01,75
P244,2023-03-01,184
P245,2023-03-01,169
P246,2023-03-01,100
P247,2023-03-01,170
P248,2023-03-01,167
P249,2023-03-01,243
P250,2023-03-01,47
P001,2023-04-01,89
P002,2023-04-01,108
P003,2023-04-01,47
P004,2023-04-01,155
P005,2023-04-01,173
P006,2023-04-01,28
P007,2023-04-01,148
P008,2023-04-01,35
P009,2023-04-01,269
P010,2023-04-01,301
P011,2023-04-01,100
P012,2023-04-01,218
P013,2023-04-01,13
P014,2023-04-01,85
P015,2023-04-01,349
P016,2023-04-01,101
P017,2023-04-01,172
P018,2023-04-01,166
P019,2023-04-01,52
P020,2023-04-01,410
P021,2023-04-01,24
P022,2023-04-01,21
P023,2023-04-01,182
P024,2023-04-01,165
P025,2023-04-01,17
P026,2023-04-01,62
P027,2023-04-01,138
P028,2023-04-01,135
P029,2023-04-01,121
P030,2023-04-01,78
P031,2023-04-01,19
P032,2023-04-01,127
P033,2023-04-01,370
P034,2023-04-01,157
P035,2023-04-01,244
P036,2023-04-01,112
P037,2023-04-01,383
P038,2023-04-01,3
P039,2023-04-01,314
P040,2023-04-01,306
P041,2023-04-01,47
P042,2023-04-01,43
P043,2023-04-01,350
P044,2023-04-01,90
P045,2023-04-01,27
P046,2023-04-01,184
P047,2023-04-01,446
P048,2023-04-01,355
P049,2023-04-01,182
P050,2023-04-01,55
P051,2023-04-01,67
P052,2023-04-01,150
P053,2023-04-01,316
P054,2023-04-01,227
P055,2023-04-01,255
P056,2023-04-01,318
P057,2023-04-01,30
P058,2023-04-01,412
P059,2023-04-01,49
P060,2023-04-01,149
P061,2023-04-01,84
P062,2023-04-01,37
P063,2023-04-01,356
P064,2023-04-01,194
P065,2023-04-01,68
P066,2023-04-01,703
P067,2023-04-01,349
P068,2023-04-01,448
P069,2023-04-01,166
P070,2023-04-01,112
P071,2023-04-01,42
P072,2023-04-01,116
P073,2023-04-01,23
P074,2023-04-01,264
P075,2023-04-01,160
P076,2023-04-01,309
P077,2023-04-01,14
P078,2023-04-01,38
P079,2023-04-01,100
P080,2023-04-01,69
P081,2023-04-01,67
P082,2023-04-01,430
P083,2023-04-01,291
P084,2023-04-01,328
P085,2023-04-01,300
P086,2023-04-01,355
P087,2023-04-01,875
P088,2023-04-01,72
P089,2023-04-01,112
P090,2023-04-01,49
P091,2023-04-01,60
P092,2023-04-01,155
P093,2023-04-01,54
P094,2023-04-01,331
P095,2023-04-01,350
P096,2023-04-01,247
P097,2023-04-01,45
P098,2023-04-01,61
P099,2023-04-01,397
P100,2023-04-01,183
P101,2023-04-01,173
P102,2023-04-01,1392
P103,2023-04-01,144
P104,2023-04-01,140
P105,2023-04-01,83
P106,2023-04-01,117
P107,2023-04-01,30
P108,2023-04-01,75
P109,2023-04-01,311
P110,2023-04-01,221
P111,2023-04-01,675
P112,2023-04-01,119
P113,2023-04-01,90
P114,2023-04-01,319
P115,2023-04-01,83
P116,2023-04-01,316
P117,2023-04-01,307
P118,2023-04-01,98
P119,2023-04-01,73
P120,2023-04-01,136
P121,2023-04-01,165
P122,2023-04-01,161
P123,2023-04-01,185
P124,2023-04-01,315
P125,2023-04-01,166
P126,2023-04-01,64
P127,2023-04-01,146
P128,2023-04-01,181
P129,2023-04-01,40
P130,2023-04-01,107
P131,2023-04-01,172
P132,2023-04-01,338
P133,2023-04-01,163
P134,2023-04-01,561
P135,2023-04-01,119
P136,2023-04-01,166
P137,2023-04-01,175
P138,2023-04-01,2091
P139,2023-04-01,128
P140,2023-04-01,109
P141,2023-04-01,185
P142,2023-04-01,332
P143,2023-04-01,60
P144,2023-04-01,463
P145,2023-04-01,11
P146,2023-04-01,63
P147,2023-04-01,171
P148,2023-04-01,364
P149,2023-04-01,114
P150,2023-04-01,278
P151,2023-04-01,81
P152,2023-04-01,29
P153,2023-04-01,255
P154,2023-04-01,161
P155,2023-04-01,431
P156,2023-04-01,54
P157,2023-04-01,307
P158,2023-04-01,205
P159,2023-04-01,199
P160,2023-04-01,240
P161,2023-04-01,56
P162,2023-04-01,201
P163,2023-04-01,304
P164,2023-04-01,136
P165,2023-04-01,127
P166,2023-04-01,146
P167,2023-04-01,46
P168,2023-04-01,46
P169,2023-04-01,79
P170,2023-04-01,191
P171,2023-04-01,479
P172,2023-04-01,231
P173,2023-04-01,62
P174,2023-04-01,0
P175,2023-04-01,140
P176,2023-04-01,78
P177,2023-04-01,1631
P178,2023-04-01,269
P179,2023-04-01,41
P180,2023-04-01,13
P181,2023-04-01,410
P182,2023-04-01,94
P183,2023-04-01,12
P184,2023-04-01,192
P185,2023-04-01,84
P186,2023-04-01,43
P187,2023-04-01,271
P188,2023-04-01,194
P189,2023-04-01,662
P190,2023-04-01,136
P191,2023-04-01,215
P192,2023-04-01,256
P193,2023-04-01,440
P194,2023-04-01,153
P195,2023-04-01,93
P196,2023-04-01,101
P197,2023-04-01,752
P198,2023-04-01,121
P199,2023-04-01,0
P200,2023-04-01,135
P201,2023-04-01,108
P202,2023-04-01,152
P203,2023-04-01,458
P204,2023-04-01,109
P205,2023-04-01,492
P206,2023-04-01,27
P207,2023-04-01,137
P208,2023-04-01,38
P209,2023-04-01,105
P210,2023-04-01,134
P211,2023-04-01,163
P212,2023-04-01,110
P213,2023-04-01,50
P214,2023-04-01,70
P215,2023-04-01,34
P216,2023-04-01,45
P217,2023-04-01,156
P218,2023-04-01,145
P219,2023-04-01,122
P220,2023-04-01,134
P221,2023-04-01,197
P222,2023-04-01,48
P223,2023-04-01,148
P224,2023-04-01,81
P225,2023-04-01,414
P226,2023-04-01,53
P227,2023-04-01,230
P228,2023-04-01,375
P229,2023-04-01,93
P230,2023-04-01,199
P231,2023-04-01,48
P232,2023-04-01,78
P233,2023-04-01,41
P234,2023-04-01,149
P235,2023-04-01,993
P236,2023-04-01,43
P237,2023-04-01,218
P238,2023-04-01,243
P239,2023-04-01,590
P240,2023-04-01,143
P241,2023-04-01,125
P242,2023-04-01,231
P243,2023-04-01,13
P244,2023-04-01,138
P245,2023-04-01,131
P246,2023-04-01,30
P247,2023-04-01,0
P248,2023-04-01,115
P249,2023-04-01,143
P250,2023-04-01,9
P001,2023-05-01,39
P002,2023-05-01,80
P003,2023-05-01,302
P004,2023-05-01,790
P005,2023-05-01,143
P006,2023-05-01,139
P007,2023-05-01,91
P008,2023-05-01,1049
P009,2023-05-01,183
P010,2023-05-01,223
P011,2023-05-01,46
P012,2023-05-01,99
P013,2023-05-01,541
P014,2023-05-01,49
P015,2023-05-01,224
P016,2023-05-01,27
P017,2023-05-01,119
P018,2023-05-01,135
P019,2023-05-01,11
P020,2023-05-01,205
P021,2023-05-01,187
P022,2023-05-01,199
P023,2023-05-01,122
P024,2023-05-01,115
P025,2023-05-01,322
P026,2023-05-01,654
P027,2023-05-01,82
P028,2023-05-01,48
P029,2023-05-01,86
P030,2023-05-01,664
P031,2023-05-01,874
P032,2023-05-01,87
P033,2023-05-01,234
P034,2023-05-01,829
P035,2023-05-01,160
P036,2023-05-01,71
P037,2023-05-01,0
P038,2023-05-01,436
P039,2023-05-01,178
P040,2023-05-01,266
P041,2023-05-01,217
P042,2023-05-01,221
P043,2023-05-01,226
P044,2023-05-01,396
P045,2023-05-01,228
P046,2023-05-01,0
P047,2023-05-01,282
P048,2023-05-01,293
P049,2023-05-01,96
P050,2023-05-01,21
P051,2023-05-01,28
P052,2023-05-01,110
P053,2023-05-01,257
P054,2023-05-01,143
P055,2023-05-01,189
P056,2023-05-01,139
P057,2023-05-01,342
P058,2023-05-01,263
P059,2023-05-01,420
P060,2023-05-01,899
P061,2023-05-01,44
P062,2023-05-01,219
P063,2023-05-01,231
P064,2023-05-01,131
P065,2023-05-01,512
P066,2023-05-01,599
P067,2023-05-01,214
P068,2023-05-01,369
P069,2023-05-01,65
P070,2023-05-01,1029
P071,2023-05-01,507
P072,2023-05-01,0
P073,2023-05-01,351
P074,2023-05-01,217
P075,2023-05-01,115
P076,2023-05-01,233
P077,2023-05-01,132
P078,2023-05-01,263
P079,2023-05-01,54
P080,2023-05-01,10
P081,2023-05-01,27
P082,2023-05-01,0
P083,2023-05-01,172
P084,2023-05-01,188
P085,2023-05-01,160
P086,2023-05-01,257
P087,2023-05-01,595
P088,2023-05-01,22
P089,2023-05-01,79
P090,2023-05-01,240
P091,2023-05-01,0
P092,2023-05-01,97
P093,2023-05-01,241
P094,2023-05-01,230
P095,2023-05-01,256
P096,2023-05-01,160
P097,2023-05-01,378
P098,2023-05-01,385
P099,2023-05-01,300
P100,2023-05-01,92
P101,2023-05-01,103
P102,2023-05-01,879
P103,2023-05-01,0
P104,2023-05-01,638
P105,2023-05-01,39
P106,2023-05-01,75
P107,2023-05-01,190
P108,2023-05-01,23
P109,2023-05-01,263
P110,2023-05-01,168
P111,2023-05-01,415
P112,2023-05-01,62
P113,2023-05-01,63
P114,2023-05-01,210
P115,2023-05-01,16
P116,2023-05-01,248
P117,2023-05-01,214
P118,2023-05-01,526
P119,2023-05-01,48
P120,2023-05-01,96
P121,2023-05-01,122
P122,2023-05-01,97
P123,2023-05-01,140
P124,2023-05-01,217
P125,2023-05-01,84
P126,2023-05-01,36
P127,2023-05-01,0
P128,2023-05-01,85
P129,2023-05-01,396
P130,2023-05-01,72
P131,2023-05-01,61
P132,2023-05-01,289
P133,2023-05-01,29
P134,2023-05-01,385
P135,2023-05-01,888
P136,2023-05-01,96
P137,2023-05-01,111
P138,2023-05-01,1974
P139,2023-05-01,89
P140,2023-05-01,74
P141,2023-05-01,137
P142,2023-05-01,202
P143,2023-05-01,21
P144,2023-05-01,272
P145,2023-05-01,132
P146,2023-05-01,35
P147,2023-05-01,100
P148,2023-05-01,263
P149,2023-05-01,44
P150,2023-05-01,207
P151,2023-05-01,22
P152,2023-05-01,131
P153,2023-05-01,156
P154,2023-05-01,116
P155,2023-05-01,233
P156,2023-05-01,269
P157,2023-05-01,192
P158,2023-05-01,121
P159,2023-05-01,131
P160,2023-05-01,164
P161,2023-05-01,18
P162,2023-05-01,135
P163,2023-05-01,120
P164,2023-05-01,0
P165,2023-05-01,85
P166,2023-05-01,38
P167,2023-05-01,335
P168,2023-05-01,696
P169,2023-05-01,427
P170,2023-05-01,119
P171,2023-05-01,309
P172,2023-05-01,158
P173,2023-05-01,1120
P174,2023-05-01,1061
P175,2023-05-01,86
P176,2023-05-01,0
P177,2023-05-01,1450
P178,2023-05-01,204
P179,2023-05-01,326
P180,2023-05-01,155
P181,2023-05-01,305
P182,2023-05-01,470
P183,2023-05-01,202
P184,2023-05-01,92
P185,2023-05-01,13
P186,2023-05-01,12
P187,2023-05-01,179
P188,2023-05-01,30
P189,2023-05-01,427
P190,2023-05-01,50
P191,2023-05-01,140
P192,2023-05-01,100
P193,2023-05-01,385
P194,2023-05-01,62
P195,2023-05-01,44
P196,2023-05-01,52
P197,2023-05-01,643
P198,2023-05-01,84
P199,2023-05-01,645
P200,2023-05-01,89
P201,2023-05-01,523
P202,2023-05-01,89
P203,2023-05-01,304
P204,2023-05-01,29
P205,2023-05-01,250
P206,2023-05-01,160
P207,2023-05-01,57
P208,2023-05-01,291
P209,2023-05-01,18
P210,2023-05-01,351
P211,2023-05-01,62
P212,2023-05-01,67
P213,2023-05-01,406
P214,2023-05-01,46
P215,2023-05-01,212
P216,2023-05-01,576
P217,2023-05-01,104
P218,2023-05-01,91
P219,2023-05-01,42
P220,2023-05-01,24
P221,2023-05-01,99
P222,2023-05-01,377
P223,2023-05-01,78
P224,2023-05-01,40
P225,2023-05-01,363
P226,2023-05-01,314
P227,2023-05-01,165
P228,2023-05-01,167
P229,2023-05-01,47
P230,2023-05-01,122
P231,2023-05-01,23
P232,2023-05-01,449
P233,2023-05-01,15
P234,2023-05-01,110
P235,2023-05-01,854
P236,2023-05-01,17
P237,2023-05-01,151
P238,2023-05-01,141
P239,2023-05-01,0
P240,2023-05-01,101
P241,2023-05-01,93
P242,2023-05-01,41
P243,2023-05-01,394
P244,2023-05-01,99
P245,2023-05-01,78
P246,2023-05-01,253
P247,2023-05-01,1244
P248,2023-05-01,0
P249,2023-05-01,11
P250,2023-05-01,169
P001,2023-06-01,237
P002,2023-06-01,48
P003,2023-06-01,243
P004,2023-06-01,652
P005,2023-06-01,103
P006,2023-06-01,105
P007,2023-06-01,17
P008,2023-06-01,901
P009,2023-06-01,58
P010,2023-06-01,162
P011,2023-06-01,447
P012,2023-06-01,691
P013,2023-06-01,345
P014,2023-06-01,16
P015,2023-06-01,135
P016,2023-06-01,332
P017,2023-06-01,74
P018,2023-06-01,108
P019,2023-06-01,159
P020,2023-06-01,1201
P021,2023-06-01,125
P022,2023-06-01,158
P023,2023-06-01,50
P024,2023-06-01,50
P025,2023-06-01,233
P026,2023-06-01,472
P027,2023-06-01,30
P028,2023-06-01,524
P029,2023-06-01,46
P030,2023-06-01,484
P031,2023-06-01,768
P032,2023-06-01,46
P033,2023-06-01,117
P034,2023-06-01,663
P035,2023-06-01,115
P036,2023-06-01,38
P037,2023-06-01,1375
P038,2023-06-01,343
P039,2023-06-01,49
P040,2023-06-01,191
P041,2023-06-01,159
P042,2023-06-01,139
P043,2023-06-01,94
P044,2023-06-01,282
P045,2023-06-01,198
P046,2023-06-01,790
P047,2023-06-01,67
P048,2023-06-01,229
P049,2023-06-01,11
P050,2023-06-01,172
P051,2023-06-01,233
P052,2023-06-01,60
P053,2023-06-01,177
P054,2023-06-01,54
P055,2023-06-01,94
P056,2023-06-01,1616
P057,2023-06-01,293
P058,2023-06-01,84
P059,2023-06-01,357
P060,2023-06-01,711
P061,2023-06-01,9
P062,2023-06-01,146
P063,2023-06-01,89
P064,2023-06-01,47
P065,2023-06-01,320
P066,2023-06-01,498
P067,2023-06-01,101
P068,2023-06-01,288
P069,2023-06-01,539
P070,2023-06-01,763
P071,2023-06-01,401
P072,2023-06-01,618
P073,2023-06-01,272
P074,2023-06-01,135
P075,2023-06-01,75
P076,2023-06-01,115
P077,2023-06-01,98
P078,2023-06-01,223
P079,2023-06-01,11
P080,2023-06-01,178
P081,2023-06-01,216
P082,2023-06-01,1696
P083,2023-06-01,56
P084,2023-06-01,0
P085,2023-06-01,1061
P086,2023-06-01,123
P087,2023-06-01,391
P088,2023-06-01,238
P089,2023-06-01,47
P090,2023-06-01,182
P091,2023-06-01,314
P092,2023-06-01,42
P093,2023-06-01,200
P094,2023-06-01,96
P095,2023-06-01,170
P096,2023-06-01,89
P097,2023-06-01,310
P098,2023-06-01,315
P099,2023-06-01,93
P100,2023-06-01,52
P101,2023-06-01,33
P102,2023-06-01,727
P103,2023-06-01,533
P104,2023-06-01,502
P105,2023-06-01,308
P106,2023-06-01,16
P107,2023-06-01,152
P108,2023-06-01,301
P109,2023-06-01,190
P110,2023-06-01,112
P111,2023-06-01,260
P112,2023-06-01,382
P113,2023-06-01,16
P114,2023-06-01,121
P115,2023-06-01,432
P116,2023-06-01,123
P117,2023-06-01,90
P118,2023-06-01,435
P119,2023-06-01,17
P120,2023-06-01,47
P121,2023-06-01,93
P122,2023-06-01,39
P123,2023-06-01,95
P124,2023-06-01,105
P125,2023-06-01,693
P126,2023-06-01,230
P127,2023-06-01,992
P128,2023-06-01,685
P129,2023-06-01,284
P130,2023-06-01,45
P131,2023-06-01,687
P132,2023-06-01,226
P133,2023-06-01,605
P134,2023-06-01,174
P135,2023-06-01,756
P136,2023-06-01,576
P137,2023-06-01,47
P138,2023-06-01,1880
P139,2023-06-01,41
P140,2023-06-01,37
P141,2023-06-01,81
P142,2023-06-01,54
P143,2023-06-01,306
P144,2023-06-01,104
P145,2023-06-01,96
P146,2023-06-01,0
P147,2023-06-01,48
P148,2023-06-01,149
P149,2023-06-01,311
P150,2023-06-01,80
P151,2023-06-01,301
P152,2023-06-01,82
P153,2023-06-01,63
P154,2023-06-01,71
P155,2023-06-01,130
P156,2023-06-01,204
P157,2023-06-01,0
P158,2023-06-01,57
P159,2023-06-01,65
P160,2023-06-01,90
P161,2023-06-01,164
P162,2023-06-01,40
P163,2023-06-01,1457
P164,2023-06-01,882
P165,2023-06-01,43
P166,2023-06-01,530
P167,2023-06-01,261
P168,2023-06-01,598
P169,2023-06-01,321
P170,2023-06-01,9
P171,2023-06-01,130
P172,2023-06-01,109
P173,2023-06-01,883
P174,2023-06-01,1014
P175,2023-06-01,37
P176,2023-06-01,687
P177,2023-06-01,1238
P178,2023-06-01,143
P179,2023-06-01,274
P180,2023-06-01,122
P181,2023-06-01,123
P182,2023-06-01,376
P183,2023-06-01,166
P184,2023-06-01,444
P185,2023-06-01,409
P186,2023-06-01,154
P187,2023-06-01,76
P188,2023-06-01,776
P189,2023-06-01,255
P190,2023-06-01,390
P191,2023-06-01,72
P192,2023-06-01,801
P193,2023-06-01,302
P194,2023-06-01,605
P195,2023-06-01,358
P196,2023-06-01,20
P197,2023-06-01,543
P198,2023-06-01,57
P199,2023-06-01,492
P200,2023-06-01,48
P201,2023-06-01,424
P202,2023-06-01,0
P203,2023-06-01,94
P204,2023-06-01,426
P205,2023-06-01,0
P206,2023-06-01,94
P207,2023-06-01,466
P208,2023-06-01,228
P209,2023-06-01,389
P210,2023-06-01,205
P211,2023-06-01,454
P212,2023-06-01,11
P213,2023-06-01,307
P214,2023-06-01,0
P215,2023-06-01,155
P216,2023-06-01,434
P217,2023-06-01,52
P218,2023-06-01,37
P219,2023-06-01,367
P220,2023-06-01,644
P221,2023-06-01,661
P222,2023-06-01,328
P223,2023-06-01,18
P224,2023-06-01,4
P225,2023-06-01,343
P226,2023-06-01,272
P227,2023-06-01,98
P228,2023-06-01,1316
P229,2023-06-01,341
P230,2023-06-01,65
P231,2023-06-01,168
P232,2023-06-01,371
P233,2023-06-01,172
P234,2023-06-01,62
P235,2023-06-01,765
P236,2023-06-01,169
P237,2023-06-01,76
P238,2023-06-01,883
P239,2023-06-01,2048
P240,2023-06-01,53
P241,2023-06-01,45
P242,2023-06-01,912
P243,2023-06-01,347
P244,2023-06-01,52
P245,2023-06-01,38
P246,2023-06-01,196
P247,2023-06-01,1005
P248,2023-06-01,806
P249,2023-06-01,541
P250,2023-06-01,123
P001,2023-07-01,171
P002,2023-07-01,11
P003,2023-07-01,182
P004,2023-07-01,535
P005,2023-07-01,67
P006,2023-07-01,71
P007,2023-07-01,506
P008,2023-07-01,667
P009,2023-07-01,789
P010,2023-07-01,59
P011,2023-07-01,399
P012,2023-07-01,590
P013,2023-07-01,172
P014,2023-07-01,213
P015,2023-07-01,17
P016,2023-07-01,242
P017,2023-07-01,37
P018,2023-07-01,78
P019,2023-07-01,119
P020,2023-07-01,1008
P021,2023-07-01,81
P022,2023-07-01,110
P023,2023-07-01,0
P024,2023-07-01,0
P025,2023-07-01,144
P026,2023-07-01,314
P027,2023-07-01,356
P028,2023-07-01,464
P029,2023-07-01,10
P030,2023-07-01,290
P031,2023-07-01,699
P032,2023-07-01,177
P033,2023-07-01,1038
P034,2023-07-01,519
P035,2023-07-01,59
P036,2023-07-01,8
P037,2023-07-01,1243
P038,2023-07-01,232
P039,2023-07-01,885
P040,2023-07-01,133
P041,2023-07-01,102
P042,2023-07-01,102
P043,2023-07-01,1063
P044,2023-07-01,114
P045,2023-07-01,157
P046,2023-07-01,700
P047,2023-07-01,506
P048,2023-07-01,129
P049,2023-07-01,425
P050,2023-07-01,115
P051,2023-07-01,195
P052,2023-07-01,329
P053,2023-07-01,128
P054,2023-07-01,611
P055,2023-07-01,14
P056,2023-07-01,1444
P057,2023-07-01,226
P058,2023-07-01,587
P059,2023-07-01,311
P060,2023-07-01,507
P061,2023-07-01,265
P062,2023-07-01,81
P063,2023-07-01,964
P064,2023-07-01,523
P065,2023-07-01,178
P066,2023-07-01,394
P067,2023-07-01,462
P068,2023-07-01,174
P069,2023-07-01,451
P070,2023-07-01,547
P071,2023-07-01,263
P072,2023-07-01,506
P073,2023-07-01,123
P074,2023-07-01,75
P075,2023-07-01,16
P076,2023-07-01,0
P077,2023-07-01,56
P078,2023-07-01,184
P079,2023-07-01,347
P080,2023-07-01,0
P081,2023-07-01,191
P082,2023-07-01,1457
P083,2023-07-01,798
P084,2023-07-01,907
P085,2023-07-01,959
P086,2023-07-01,701
P087,2023-07-01,156
P088,2023-07-01,193
P089,2023-07-01,14
P090,2023-07-01,126
P091,2023-07-01,314
P092,2023-07-01,189
P093,2023-07-01,162
P094,2023-07-01,0
P095,2023-07-01,78
P096,2023-07-01,0
P097,2023-07-01,206
P098,2023-07-01,250
P099,2023-07-01,548
P100,2023-07-01,241
P101,2023-07-01,529
P102,2023-07-01,667
P103,2023-07-01,414
P104,2023-07-01,341
P105,2023-07-01,271
P106,2023-07-01,300
P107,2023-07-01,100
P108,2023-07-01,214
P109,2023-07-01,101
P110,2023-07-01,40
P111,2023-07-01,1821
P112,2023-07-01,332
P113,2023-07-01,245
P114,2023-07-01,846
P115,2023-07-01,346
P116,2023-07-01,388
P117,2023-07-01,2
P118,2023-07-01,347
P119,2023-07-01,196
P120,2023-07-01,187
P121,2023-07-01,47
P122,2023-07-01,491
P123,2023-07-01,44
P124,2023-07-01,0
P125,2023-07-01,622
P126,2023-07-01,191
P127,2023-07-01,900
P128,2023-07-01,564
P129,2023-07-01,190
P130,2023-07-01,31
P131,2023-07-01,573
P132,2023-07-01,88
P133,2023-07-01,410
P134,2023-07-01,1373
P135,2023-07-01,575
P136,2023-07-01,508
P137,2023-07-01,387
P138,2023-07-01,1774
P139,2023-07-01,167
P140,2023-07-01,140
P141,2023-07-01,23
P142,2023-07-01,877
P143,2023-07-01,271
P144,2023-07-01,1325
P145,2023-07-01,60
P146,2023-07-01,200
P147,2023-07-01,371
P148,2023-07-01,919
P149,2023-07-01,236
P150,2023-07-01,642
P151,2023-07-01,250
P152,2023-07-01,49
P153,2023-07-01,537
P154,2023-07-01,22
P155,2023-07-01,0
P156,2023-07-01,152
P157,2023-07-01,836
P158,2023-07-01,289
P159,2023-07-01,488
P160,2023-07-01,611
P161,2023-07-01,130
P162,2023-07-01,274
P163,2023-07-01,1457
P164,2023-07-01,762
P165,2023-07-01,311
P166,2023-07-01,421
P167,2023-07-01,179
P168,2023-07-01,458
P169,2023-07-01,229
P170,2023-07-01,435
P171,2023-07-01,0
P172,2023-07-01,35
P173,2023-07-01,766
P174,2023-07-01,934
P175,2023-07-01,419
P176,2023-07-01,663
P177,2023-07-01,914
P178,2023-07-01,84
P179,2023-07-01,223
P180,2023-07-01,93
P181,2023-07-01,0
P182,2023-07-01,301
P183,2023-07-01,139
P184,2023-07-01,338
P185,2023-07-01,341
P186,2023-07-01,120
P187,2023-07-01,795
P188,2023-07-01,665
P189,2023-07-01,1619
P190,2023-07-01,301
P191,2023-07-01,643
P192,2023-07-01,612
P193,2023-07-01,281
P194,2023-07-01,479
P195,2023-07-01,306
P196,2023-07-01,40
P197,2023-07-01,489
P198,2023-07-01,9
P199,2023-07-01,346
P200,2023-07-01,356
P201,2023-07-01,336
P202,2023-07-01,411
P203,2023-07-01,588
P204,2023-07-01,350
P205,2023-07-01,2134
P206,2023-07-01,55
P207,2023-07-01,382
P208,2023-07-01,146
P209,2023-07-01,282
P210,2023-07-01,0
P211,2023-07-01,352
P212,2023-07-01,245
P213,2023-07-01,209
P214,2023-07-01,155
P215,2023-07-01,101
P216,2023-07-01,289
P217,2023-07-01,226
P218,2023-07-01,435
P219,2023-07-01,251
P220,2023-07-01,508
P221,2023-07-01,549
P222,2023-07-01,271
P223,2023-07-01,422
P224,2023-07-01,276
P225,2023-07-01,322
P226,2023-07-01,237
P227,2023-07-01,16
P228,2023-07-01,1004
P229,2023-07-01,301
P230,2023-07-01,257
P231,2023-07-01,134
P232,2023-07-01,272
P233,2023-07-01,147
P234,2023-07-01,11
P235,2023-07-01,662
P236,2023-07-01,140
P237,2023-07-01,309
P238,2023-07-01,772
P239,2023-07-01,1815
P240,2023-07-01,176
P241,2023-07-01,291
P242,2023-07-01,816
P243,2023-07-01,297
P244,2023-07-01,349
P245,2023-07-01,293
P246,2023-07-01,126
P247,2023-07-01,937
P248,2023-07-01,761
P249,2023-07-01,382
P250,2023-07-01,73
P001,2023-08-01,109
P002,2023-08-01,240
P003,2023-08-01,100
P004,2023-08-01,392
P005,2023-08-01,31
P006,2023-08-01,33
P007,2023-08-01,436
P008,2023-08-01,560
P009,2023-08-01,693
P010,2023-08-01,287
P011,2023-08-01,343
P012,2023-08-01,467
P013,2023-08-01,58
P014,2023-08-01,183
P015,2023-08-01,794
P016,2023-08-01,159
P017,2023-08-01,179
P018,2023-08-01,51
P019,2023-08-01,72
P020,2023-08-01,716
P021,2023-08-01,20
P022,2023-08-01,58
P023,2023-08-01,200
P024,2023-08-01,179
P025,2023-08-01,50
P026,2023-08-01,96
P027,2023-08-01,306
P028,2023-08-01,392
P029,2023-08-01,263
P030,2023-08-01,88
P031,2023-08-01,611
P032,2023-08-01,145
P033,2023-08-01,921
P034,2023-08-01,334
P035,2023-08-01,469
P036,2023-08-01,122
P037,2023-08-01,1175
P038,2023-08-01,194
P039,2023-08-01,774
P040,2023-08-01,94
P041,2023-08-01,48
P042,2023-08-01,71
P043,2023-08-01,954
P044,2023-08-01,66
P045,2023-08-01,137
P046,2023-08-01,641
P047,2023-08-01,334
P048,2023-08-01,46
P049,2023-08-01,327
P050,2023-08-01,69
P051,2023-08-01,168
P052,2023-08-01,245
P053,2023-08-01,57
P054,2023-08-01,523
P055,2023-08-01,590
P056,2023-08-01,1285
P057,2023-08-01,151
P058,2023-08-01,469
P059,2023-08-01,233
P060,2023-08-01,266
P061,2023-08-01,225
P062,2023-08-01,11
P063,2023-08-01,791
P064,2023-08-01,439
P065,2023-08-01,22
P066,2023-08-01,306
P067,2023-08-01,293
P068,2023-08-01,46
P069,2023-08-01,358
P070,2023-08-01,308
P071,2023-08-01,142
P072,2023-08-01,396
P073,2023-08-01,26
P074,2023-08-01,0
P075,2023-08-01,148
P076,2023-08-01,715
P077,2023-08-01,19
P078,2023-08-01,145
P079,2023-08-01,309
P080,2023-08-01,591
P081,2023-08-01,164
P082,2023-08-01,1166
P083,2023-08-01,652
P084,2023-08-01,785
P085,2023-08-01,853
P086,2023-08-01,537
P087,2023-08-01,868
P088,2023-08-01,143
P089,2023-08-01,111
P090,2023-08-01,68
P091,2023-08-01,239
P092,2023-08-01,101
P093,2023-08-01,127
P094,2023-08-01,392
P095,2023-08-01,328
P096,2023-08-01,273
P097,2023-08-01,146
P098,2023-08-01,198
P099,2023-08-01,442
P100,2023-08-01,160
P101,2023-08-01,470
P102,2023-08-01,562
P103,2023-08-01,305
P104,2023-08-01,194
P105,2023-08-01,242
P106,2023-08-01,251
P107,2023-08-01,56
P108,2023-08-01,132
P109,2023-08-01,14
P110,2023-08-01,233
P111,2023-08-01,1668
P112,2023-08-01,283
P113,2023-08-01,211
P114,2023-08-01,754
P115,2023-08-01,278
P116,2023-08-01,295
P117,2023-08-01,301
P118,2023-08-01,248
P119,2023-08-01,169
P120,2023-08-01,141
P121,2023-08-01,176
P122,2023-08-01,432
P123,2023-08-01,191
P124,2023-08-01,787
P125,2023-08-01,538
P126,2023-08-01,158
P127,2023-08-01,710
P128,2023-08-01,444
P129,2023-08-01,60
P130,2023-08-01,110
P131,2023-08-01,437
P132,2023-08-01,15
P133,2023-08-01,243
P134,2023-08-01,1192
P135,2023-08-01,435
P136,2023-08-01,448
P137,2023-08-01,333
P138,2023-08-01,1685
P139,2023-08-01,106
P140,2023-08-01,96
P141,2023-08-01,170
P142,2023-08-01,758
P143,2023-08-01,215
P144,2023-08-01,1138
P145,2023-08-01,16
P146,2023-08-01,152
P147,2023-08-01,273
P148,2023-08-01,804
P149,2023-08-01,116
P150,2023-08-01,567
P151,2023-08-01,189
P152,2023-08-01,0
P153,2023-08-01,490
P154,2023-08-01,166
P155,2023-08-01,155
P156,2023-08-01,101
P157,2023-08-01,713
P158,2023-08-01,205
P159,2023-08-01,395
P160,2023-08-01,539
P161,2023-08-01,100
P162,2023-08-01,195
P163,2023-08-01,1092
P164,2023-08-01,639
P165,2023-08-01,270
P166,2023-08-01,285
P167,2023-08-01,99
P168,2023-08-01,352
P169,2023-08-01,136
P170,2023-08-01,359
P171,2023-08-01,574
P172,2023-08-01,497
P173,2023-08-01,363
P174,2023-08-01,846
P175,2023-08-01,354
P176,2023-08-01,505
P177,2023-08-01,213
P178,2023-08-01,253
P179,2023-08-01,180
P180,2023-08-01,60
P181,2023-08-01,463
P182,2023-08-01,201
P183,2023-08-01,89
P184,2023-08-01,211
P185,2023-08-01,239
P186,2023-08-01,74
P187,2023-08-01,664
P188,2023-08-01,519
P189,2023-08-01,1376
P190,2023-08-01,217
P191,2023-08-01,547
P192,2023-08-01,393
P193,2023-08-01,194
P194,2023-08-01,392
P195,2023-08-01,262
P196,2023-08-01,267
P197,2023-08-01,330
P198,2023-08-01,114
P199,2023-08-01,148
P200,2023-08-01,297
P201,2023-08-01,224
P202,2023-08-01,236
P203,2023-08-01,414
P204,2023-08-01,267
P205,2023-08-01,1891
P206,2023-08-01,23
P207,2023-08-01,289
P208,2023-08-01,43
P209,2023-08-01,198
P210,2023-08-01,590
P211,2023-08-01,230
P212,2023-08-01,194
P213,2023-08-01,121
P214,2023-08-01,57
P215,2023-08-01,39
P216,2023-08-01,167
P217,2023-08-01,184
P218,2023-08-01,385
P219,2023-08-01,150
P220,2023-08-01,381
P221,2023-08-01,458
P222,2023-08-01,217
P223,2023-08-01,369
P224,2023-08-01,238
P225,2023-08-01,302
P226,2023-08-01,191
P227,2023-08-01,221
P228,2023-08-01,675
P229,2023-08-01,262
P230,2023-08-01,187
P231,2023-08-01,101
P232,2023-08-01,170
P233,2023-08-01,120
P234,2023-08-01,127
P235,2023-08-01,546
P236,2023-08-01,107
P237,2023-08-01,210
P238,2023-08-01,690
P239,2023-08-01,1565
P240,2023-08-01,132
P241,2023-08-01,246
P242,2023-08-01,593
P243,2023-08-01,224
P244,2023-08-01,309
P245,2023-08-01,256
P246,2023-08-01,8
P247,2023-08-01,883
P248,2023-08-01,577
P249,2023-08-01,201
P250,2023-08-01,23
P001,2023-09-01,66
P002,2023-09-01,201
P003,2023-09-01,22
P004,2023-09-01,255
P005,2023-09-01,191
P006,2023-09-01,124
P007,2023-09-01,348
P008,2023-09-01,399
P009,2023-09-01,583
P010,2023-09-01,208
P011,2023-09-01,285
P012,2023-09-01,383
P013,2023-09-01,735
P014,2023-09-01,154
P015,2023-09-01,696
P016,2023-09-01,109
P017,2023-09-01,122
P018,2023-09-01,20
P019,2023-09-01,44
P020,2023-09-01,519
P021,2023-09-01,256
P022,2023-09-01,21
P023,2023-09-01,139
P024,2023-09-01,130
P025,2023-09-01,436
P026,2023-09-01,886
P027,2023-09-01,259
P028,2023-09-01,322
P029,2023-09-01,232
P030,2023-09-01,887
P031,2023-09-01,318
P032,2023-09-01,111
P033,2023-09-01,832
P034,2023-09-01,213
P035,2023-09-01,383
P036,2023-09-01,89
P037,2023-09-01,951
P038,2023-09-01,52
P039,2023-09-01,691
P040,2023-09-01,13
P041,2023-09-01,270
P042,2023-09-01,15
P043,2023-09-01,864
P044,2023-09-01,700
P045,2023-09-01,102
P046,2023-09-01,531
P047,2023-09-01,162
P048,2023-09-01,161
P049,2023-09-01,267
P050,2023-09-01,31
P051,2023-09-01,144
P052,2023-09-01,199
P053,2023-09-01,320
P054,2023-09-01,447
P055,2023-09-01,528
P056,2023-09-01,1009
P057,2023-09-01,84
P058,2023-09-01,307
P059,2023-09-01,166
P060,2023-09-01,103
P061,2023-09-01,190
P062,2023-09-01,293
P063,2023-09-01,678
P064,2023-09-01,356
P065,2023-09-01,738
P066,2023-09-01,195
P067,2023-09-01,194
P068,2023-09-01,631
P069,2023-09-01,258
P070,2023-09-01,168
P071,2023-09-01,1
P072,2023-09-01,302
P073,2023-09-01,542
P074,2023-09-01,327
P075,2023-09-01,95
P076,2023-09-01,613
P077,2023-09-01,183
P078,2023-09-01,112
P079,2023-09-01,254
P080,2023-09-01,531
P081,2023-09-01,129
P082,2023-09-01,1006
P083,2023-09-01,529
P084,2023-09-01,227
P085,2023-09-01,692
P086,2023-09-01,366
P087,2023-09-01,612
P088,2023-09-01,100
P089,2023-09-01,88
P090,2023-09-01,0
P091,2023-09-01,205
P092,2023-09-01,65
P093,2023-09-01,96
P094,2023-09-01,287
P095,2023-09-01,239
P096,2023-09-01,207
P097,2023-09-01,66
P098,2023-09-01,136
P099,2023-09-01,414
P100,2023-09-01,106
P101,2023-09-01,399
P102,2023-09-01,477
P103,2023-09-01,194
P104,2023-09-01,774
P105,2023-09-01,195
P106,2023-09-01,190
P107,2023-09-01,22
P108,2023-09-01,80
P109,2023-09-01,246
P110,2023-09-01,170
P111,2023-09-01,1470
P112,2023-09-01,218
P113,2023-09-01,180
P114,2023-09-01,647
P115,2023-09-01,204
P116,2023-09-01,200
P117,2023-09-01,238
P118,2023-09-01,154
P119,2023-09-01,125
P120,2023-09-01,98
P121,2023-09-01,2
P122,2023-09-01,354
P123,2023-09-01,148
P124,2023-09-01,698
P125,2023-09-01,455
P126,2023-09-01,112
P127,2023-09-01,572
P128,2023-09-01,353
P129,2023-09-01,525
P130,2023-09-01,88
P131,2023-09-01,354
P132,2023-09-01,506
P133,2023-09-01,89
P134,2023-09-01,970
P135,2023-09-01,259
P136,2023-09-01,365
P137,2023-09-01,266
P138,2023-09-01,1441
P139,2023-09-01,58
P140,2023-09-01,63
P141,2023-09-01,114
P142,2023-09-01,656
P143,2023-09-01,141
P144,2023-09-01,1053
P145,2023-09-01,179
P146,2023-09-01,116
P147,2023-09-01,185
P148,2023-09-01,664
P149,2023-09-01,13
P150,2023-09-01,499
P151,2023-09-01,108
P152,2023-09-01,191
P153,2023-09-01,388
P154,2023-09-01,122
P155,2023-09-01,34
P156,2023-09-01,43
P157,2023-09-01,588
P158,2023-09-01,116
P159,2023-09-01,318
P160,2023-09-01,450
P161,2023-09-01,70
P162,2023-09-01,122
P163,2023-09-01,1063
P164,2023-09-01,484
P165,2023-09-01,237
P166,2023-09-01,187
P167,2023-09-01,17
P168,2023-09-01,241
P169,2023-09-01,39
P170,2023-09-01,286
P171,2023-09-01,429
P172,2023-09-01,423
P173,2023-09-01,202
P174,2023-09-01,742
P175,2023-09-01,309
P176,2023-09-01,267
P177,2023-09-01,2437
P178,2023-09-01,178
P179,2023-09-01,143
P180,2023-09-01,37
P181,2023-09-01,334
P182,2023-09-01,129
P183,2023-09-01,60
P184,2023-09-01,97
P185,2023-09-01,139
P186,2023-09-01,45
P187,2023-09-01,619
P188,2023-09-01,349
P189,2023-09-01,1084
P190,2023-09-01,127
P191,2023-09-01,458
P192,2023-09-01,219
P193,2023-09-01,84
P194,2023-09-01,314
P195,2023-09-01,220
P196,2023-09-01,254
P197,2023-09-01,244
P198,2023-09-01,77
P199,2023-09-01,19
P200,2023-09-01,259
P201,2023-09-01,132
P202,2023-09-01,145
P203,2023-09-01,280
P204,2023-09-01,195
P205,2023-09-01,1667
P206,2023-09-01,205
P207,2023-09-01,197
P208,2023-09-01,375
P209,2023-09-01,109
P210,2023-09-01,409
P211,2023-09-01,125
P212,2023-09-01,157
P213,2023-09-01,7
P214,2023-09-01,0
P215,2023-09-01,274
P216,2023-09-01,32
P217,2023-09-01,126
P218,2023-09-01,322
P219,2023-09-01,70
P220,2023-09-01,240
P221,2023-09-01,373
P222,2023-09-01,164
P223,2023-09-01,304
P224,2023-09-01,209
P225,2023-09-01,250
P226,2023-09-01,148
P227,2023-09-01,151
P228,2023-09-01,435
P229,2023-09-01,218
P230,2023-09-01,145
P231,2023-09-01,70
P232,2023-09-01,56
P233,2023-09-01,88
P234,2023-09-01,90
P235,2023-09-01,415
P236,2023-09-01,71
P237,2023-09-01,129
P238,2023-09-01,584
P239,2023-09-01,1358
P240,2023-09-01,77
P241,2023-09-01,193
P242,2023-09-01,426
P243,2023-09-01,185
P244,2023-09-01,254
P245,2023-09-01,218
P246,2023-09-01,542
P247,2023-09-01,864
P248,2023-09-01,487
P249,2023-09-01,47
P250,2023-09-01,221
P001,2023-10-01,14
P002,2023-10-01,174
P003,2023-10-01,328
P004,2023-10-01,144
P005,2023-10-01,163
P006,2023-10-01,88
P007,2023-10-01,289
P008,2023-10-01,235
P009,2023-10-01,491
P010,2023-10-01,130
P011,2023-10-01,230
P012,2023-10-01,277
P013,2023-10-01,568
P014,2023-10-01,123
P015,2023-10-01,588
P016,2023-10-01,44
P017,2023-10-01,79
P018,2023-10-01,143
P019,2023-10-01,14
P020,2023-10-01,365
P021,2023-10-01,203
P022,2023-10-01,221
P023,2023-10-01,96
P024,2023-10-01,82
P025,2023-10-01,358
P026,2023-10-01,715
P027,2023-10-01,210
P028,2023-10-01,261
P029,2023-10-01,194
P030,2023-10-01,723
P031,2023-10-01,229
P032,2023-10-01,69
P033,2023-10-01,695
P034,2023-10-01,62
P035,2023-10-01,322
P036,2023-10-01,59
P037,2023-10-01,733
P038,2023-10-01,574
P039,2023-10-01,575
P040,2023-10-01,243
P041,2023-10-01,205
P042,2023-10-01,129
P043,2023-10-01,750
P044,2023-10-01,628
P045,2023-10-01,73
P046,2023-10-01,412
P047,2023-10-01,901
P048,2023-10-01,126
P049,2023-10-01,216
P050,2023-10-01,0
P051,2023-10-01,111
P052,2023-10-01,154
P053,2023-10-01,256
P054,2023-10-01,375
P055,2023-10-01,458
P056,2023-10-01,877
P057,2023-10-01,25
P058,2023-10-01,197
P059,2023-10-01,102
P060,2023-10-01,1159
P061,2023-10-01,163
P062,2023-10-01,262
P063,2023-10-01,596
P064,2023-10-01,292
P065,2023-10-01,633
P066,2023-10-01,0
P067,2023-10-01,69
P068,2023-10-01,529
P069,2023-10-01,171
P070,2023-10-01,74
P071,2023-10-01,563
P072,2023-10-01,167
P073,2023-10-01,463
P074,2023-10-01,285
P075,2023-10-01,44
P076,2023-10-01,505
P077,2023-10-01,155
P078,2023-10-01,81
P079,2023-10-01,196
P080,2023-10-01,475
P081,2023-10-01,94
P082,2023-10-01,846
P083,2023-10-01,407
P084,2023-10-01,0
P085,2023-10-01,569
P086,2023-10-01,234
P087,2023-10-01,366
P088,2023-10-01,53
P089,2023-10-01,65
P090,2023-10-01,242
P091,2023-10-01,163
P092,2023-10-01,278
P093,2023-10-01,60
P094,2023-10-01,200
P095,2023-10-01,157
P096,2023-10-01,137
P097,2023-10-01,380
P098,2023-10-01,73
P099,2023-10-01,311
P100,2023-10-01,29
P101,2023-10-01,335
P102,2023-10-01,347
P103,2023-10-01,69
P104,2023-10-01,606
P105,2023-10-01,153
P106,2023-10-01,131
P107,2023-10-01,247
P108,2023-10-01,27
P109,2023-10-01,192
P110,2023-10-01,135
P111,2023-10-01,1313
P112,2023-10-01,175
P113,2023-10-01,142
P114,2023-10-01,570
P115,2023-10-01,132
P116,2023-10-01,121
P117,2023-10-01,176
P118,2023-10-01,71
P119,2023-10-01,105
P120,2023-10-01,55
P121,2023-10-01,808
P122,2023-10-01,289
P123,2023-10-01,98
P124,2023-10-01,620
P125,2023-10-01,362
P126,2023-10-01,79
P127,2023-10-01,509
P128,2023-10-01,283
P129,2023-10-01,447
P130,2023-10-01,51
P131,2023-10-01,255
P132,2023-10-01,452
P133,2023-10-01,1025
P134,2023-10-01,777
P135,2023-10-01,77
P136,2023-10-01,305
P137,2023-10-01,218
P138,2023-10-01,1340
P139,2023-10-01,18
P140,2023-10-01,28
P141,2023-10-01,59
P142,2023-10-01,553
P143,2023-10-01,0
P144,2023-10-01,901
P145,2023-10-01,149
P146,2023-10-01,91
P147,2023-10-01,132
P148,2023-10-01,548
P149,2023-10-01,546
P150,2023-10-01,453
P151,2023-10-01,39
P152,2023-10-01,160
P153,2023-10-01,234
P154,2023-10-01,70
P155,2023-10-01,874
P156,2023-10-01,235
P157,2023-10-01,468
P158,2023-10-01,53
P159,2023-10-01,262
P160,2023-10-01,368
P161,2023-10-01,40
P162,2023-10-01,71
P163,2023-10-01,831
P164,2023-10-01,293
P165,2023-10-01,185
P166,2023-10-01,97
P167,2023-10-01,350
P168,2023-10-01,133
P169,2023-10-01,547
P170,2023-10-01,247
P171,2023-10-01,289
P172,2023-10-01,333
P173,2023-10-01,64
P174,2023-10-01,652
P175,2023-10-01,244
P176,2023-10-01,215
P177,2023-10-01,2209
P178,2023-10-01,105
P179,2023-10-01,117
P180,2023-10-01,4
P181,2023-10-01,186
P182,2023-10-01,50
P183,2023-10-01,29
P184,2023-10-01,690
P185,2023-10-01,67
P186,2023-10-01,16
P187,2023-10-01,486
P188,2023-10-01,202
P189,2023-10-01,771
P190,2023-10-01,63
P191,2023-10-01,390
P192,2023-10-01,86
P193,2023-10-01,383
P194,2023-10-01,229
P195,2023-10-01,177
P196,2023-10-01,247
P197,2023-10-01,142
P198,2023-10-01,48
P199,2023-10-01,681
P200,2023-10-01,212
P201,2023-10-01,62
P202,2023-10-01,64
P203,2023-10-01,171
P204,2023-10-01,116
P205,2023-10-01,1497
P206,2023-10-01,164
P207,2023-10-01,103
P208,2023-10-01,300
P209,2023-10-01,39
P210,2023-10-01,291
P211,2023-10-01,696
P212,2023-10-01,124
P213,2023-10-01,396
P214,2023-10-01,261
P215,2023-10-01,222
P216,2023-10-01,596
P217,2023-10-01,72
P218,2023-10-01,265
P219,2023-10-01,5
P220,2023-10-01,155
P221,2023-10-01,253
P222,2023-10-01,103
P223,2023-10-01,254
P224,2023-10-01,177
P225,2023-10-01,168
P226,2023-10-01,105
P227,2023-10-01,87
P228,2023-10-01,219
P229,2023-10-01,168
P230,2023-10-01,88
P231,2023-10-01,44
P232,2023-10-01,481
P233,2023-10-01,60
P234,2023-10-01,52
P235,2023-10-01,283
P236,2023-10-01,34
P237,2023-10-01,63
P238,2023-10-01,489
P239,2023-10-01,1197
P240,2023-10-01,39
P241,2023-10-01,146
P242,2023-10-01,227
P243,2023-10-01,109
P244,2023-10-01,218
P245,2023-10-01,185
P246,2023-10-01,506
P247,2023-10-01,830
P248,2023-10-01,336
P249,2023-10-01,947
P250,2023-10-01,188
P001,2023-11-01,274
P002,2023-11-01,146
P003,2023-11-01,260
P004,2023-11-01,800
P005,2023-11-01,124
P006,2023-11-01,27
P007,2023-11-01,218
P008,2023-11-01,141
P009,2023-11-01,423
P010,2023-11-01,86
P011,2023-11-01,176
P012,2023-11-01,185
P013,2023-11-01,467
P014,2023-11-01,95
P015,2023-11-01,503
P016,2023-11-01,377
P017,2023-11-01,28
P018,2023-11-01,109
P019,2023-11-01,187
P020,2023-11-01,178
P021,2023-11-01,159
P022,2023-11-01,179
P023,2023-11-01,59
P024,2023-11-01,42
P025,2023-11-01,301
P026,2023-11-01,594
P027,2023-11-01,162
P028,2023-11-01,181
P029,2023-11-01,155
P030,2023-11-01,516
P031,2023-11-01,165
P032,2023-11-01,33
P033,2023-11-01,571
P034,2023-11-01,842
P035,2023-11-01,235
P036,2023-11-01,24
P037,2023-11-01,521
P038,2023-11-01,480
P039,2023-11-01,441
P040,2023-11-01,178
P041,2023-11-01,151
P042,2023-11-01,64
P043,2023-11-01,602
P044,2023-11-01,356
P045,2023-11-01,24
P046,2023-11-01,328
P047,2023-11-01,712
P048,2023-11-01,50
P049,2023-11-01,147
P050,2023-11-01,203
P051,2023-11-01,85
P052,2023-11-01,110
P053,2023-11-01,206
P054,2023-11-01,319
P055,2023-11-01,371
P056,2023-11-01,778
P057,2023-11-01,306
P058,2023-11-01,90
P059,2023-11-01,36
P060,2023-11-01,963
P061,2023-11-01,140
P062,2023-11-01,215
P063,2023-11-01,507
P064,2023-11-01,231
P065,2023-11-01,554
P066,2023-11-01,1324
P067,2023-11-01,463
P068,2023-11-01,391
P069,2023-11-01,58
P070,2023-11-01,849
P071,2023-11-01,458
P072,2023-11-01,39
P073,2023-11-01,385
P074,2023-11-01,233
P075,2023-11-01,220
P076,2023-11-01,401
P077,2023-11-01,130
P078,2023-11-01,43
P079,2023-11-01,162
P080,2023-11-01,427
P081,2023-11-01,61
P082,2023-11-01,587
P083,2023-11-01,303
P084,2023-11-01,1690
P085,2023-11-01,425
P086,2023-11-01,101
P087,2023-11-01,142
P088,2023-11-01,19
P089,2023-11-01,30
P090,2023-11-01,176
P091,2023-11-01,95
P092,2023-11-01,83
P093,2023-11-01,19
P094,2023-11-01,109
P095,2023-11-01,74
P096,2023-11-01,69
P097,2023-11-01,308
P098,2023-11-01,378
P099,2023-11-01,130
P100,2023-11-01,392
P101,2023-11-01,282
P102,2023-11-01,255
P103,2023-11-01,530
P104,2023-11-01,460
P105,2023-11-01,112
P106,2023-11-01,90
P107,2023-11-01,221
P108,2023-11-01,341
P109,2023-11-01,106
P110,2023-11-01,72
P111,2023-11-01,1148
P112,2023-11-01,119
P113,2023-11-01,105
P114,2023-11-01,479
P115,2023-11-01,43
P116,2023-11-01,362
P117,2023-11-01,110
P118,2023-11-01,560
P119,2023-11-01,81
P120,2023-11-01,177
P121,2023-11-01,730
P122,2023-11-01,226
P123,2023-11-01,47
P124,2023-11-01,527
P125,2023-11-01,248
P126,2023-11-01,38
P127,2023-11-01,411
P128,2023-11-01,187
P129,2023-11-01,349
P130,2023-11-01,22
P131,2023-11-01,169
P132,2023-11-01,371
P133,2023-11-01,942
P134,2023-11-01,575
P135,2023-11-01,918
P136,2023-11-01,243
P137,2023-11-01,138
P138,2023-11-01,1269
P139,2023-11-01,183
P140,2023-11-01,138
P141,2023-11-01,243
P142,2023-11-01,420
P143,2023-11-01,635
P144,2023-11-01,701
P145,2023-11-01,117
P146,2023-11-01,58
P147,2023-11-01,79
P148,2023-11-01,459
P149,2023-11-01,479
P150,2023-11-01,416
P151,2023-11-01,409
P152,2023-11-01,128
P153,2023-11-01,131
P154,2023-11-01,1
P155,2023-11-01,802
P156,2023-11-01,150
P157,2023-11-01,362
P158,2023-11-01,273
P159,2023-11-01,209
P160,2023-11-01,280
P161,2023-11-01,6
P162,2023-11-01,275
P163,2023-11-01,690
P164,2023-11-01,174
P165,2023-11-01,147
P166,2023-11-01,0
P167,2023-11-01,276
P168,2023-11-01,678
P169,2023-11-01,483
P170,2023-11-01,146
P171,2023-11-01,141
P172,2023-11-01,264
P173,2023-11-01,1299
P174,2023-11-01,540
P175,2023-11-01,183
P176,2023-11-01,133
P177,2023-11-01,2054
P178,2023-11-01,31
P179,2023-11-01,72
P180,2023-11-01,123
P181,2023-11-01,65
P182,2023-11-01,461
P183,2023-11-01,169
P184,2023-11-01,632
P185,2023-11-01,532
P186,2023-11-01,201
P187,2023-11-01,387
P188,2023-11-01,84
P189,2023-11-01,405
P190,2023-11-01,456
P191,2023-11-01,297
P192,2023-11-01,936
P193,2023-11-01,336
P194,2023-11-01,166
P195,2023-11-01,130
P196,2023-11-01,221
P197,2023-11-01,63
P198,2023-11-01,19
P199,2023-11-01,554
P200,2023-11-01,169
P201,2023-11-01,528
P202,2023-11-01,0
P203,2023-11-01,30
P204,2023-11-01,20
P205,2023-11-01,790
P206,2023-11-01,130
P207,2023-11-01,564
P208,2023-11-01,233
P209,2023-11-01,463
P210,2023-11-01,0
P211,2023-11-01,626
P212,2023-11-01,84
P213,2023-11-01,296
P214,2023-11-01,195
P215,2023-11-01,188
P216,2023-11-01,472
P217,2023-11-01,27
P218,2023-11-01,215
P219,2023-11-01,434
P220,2023-11-01,46
P221,2023-11-01,160
P222,2023-11-01,22
P223,2023-11-01,199
P224,2023-11-01,134
P225,2023-11-01,139
P226,2023-11-01,65
P227,2023-11-01,16
P228,2023-11-01,1874
P229,2023-11-01,115
P230,2023-11-01,33
P231,2023-11-01,20
P232,2023-11-01,414
P233,2023-11-01,36
P234,2023-11-01,9
P235,2023-11-01,172
P236,2023-11-01,4
P237,2023-11-01,322
P238,2023-11-01,381
P239,2023-11-01,1062
P240,2023-11-01,177
P241,2023-11-01,93
P242,2023-11-01,79
P243,2023-11-01,18
P244,2023-11-01,172
P245,2023-11-01,134
P246,2023-11-01,468
P247,2023-11-01,790
P248,2023-11-01,285
P249,2023-11-01,825
P250,2023-11-01,159
P001,2023-12-01,231
P002,2023-12-01,113
P003,2023-12-01,209
P004,2023-12-01,684
P005,2023-12-01,95
P006,2023-12-01,173
P007,2023-12-01,127
P008,2023-12-01,0
P009,2023-12-01,323
P010,2023-12-01,0
P011,2023-12-01,109
P012,2023-12-01,103
P013,2023-12-01,262
P014,2023-12-01,74
P015,2023-12-01,399
P016,2023-12-01,300
P017,2023-12-01,194
P018,2023-12-01,76
P019,2023-12-01,148
P020,2023-12-01,1222
P021,2023-12-01,112
P022,2023-12-01,142
P023,2023-12-01,7
P024,2023-12-01,184
P025,2023-12-01,221
P026,2023-12-01,425
P027,2023-12-01,110
P028,2023-12-01,112
P029,2023-12-01,124
P030,2023-12-01,353
P031,2023-12-01,114
P032,2023-12-01,142
P033,2023-12-01,456
P034,2023-12-01,708
P035,2023-12-01,164
P036,2023-12-01,126
P037,2023-12-01,333
P038,2023-12-01,414
P039,2023-12-01,344
P040,2023-12-01,140
P041,2023-12-01,87
P042,2023-12-01,379
P043,2023-12-01,468
P044,2023-12-01,263
P045,2023-12-01,199
P046,2023-12-01,240
P047,2023-12-01,541
P048,2023-12-01,444
P049,2023-12-01,47
P050,2023-12-01,173
P051,2023-12-01,53
P052,2023-12-01,50
P053,2023-12-01,150
P054,2023-12-01,245
P055,2023-12-01,300
P056,2023-12-01,592
P057,2023-12-01,231
P058,2023-12-01,463
P059,2023-12-01,347
P060,2023-12-01,805
P061,2023-12-01,103
P062,2023-12-01,172
P063,2023-12-01,388
P064,2023-12-01,173
P065,2023-12-01,440
P066,2023-12-01,1253
P067,2023-12-01,353
P068,2023-12-01,299
P069,2023-12-01,590
P070,2023-12-01,685
P071,2023-12-01,315
P072,2023-12-01,628
P073,2023-12-01,336
P074,2023-12-01,186
P075,2023-12-01,169
P076,2023-12-01,294
P077,2023-12-01,104
P078,2023-12-01,153
P079,2023-12-01,122
P080,2023-12-01,200
P081,2023-12-01,34
P082,2023-12-01,551
P083,2023-12-01,192
P084,2023-12-01,1407
P085,2023-12-01,243
P086,2023-12-01,1021
P087,2023-12-01,939
P088,2023-12-01,215
P089,2023-12-01,107
P090,2023-12-01,125
P091,2023-12-01,37
P092,2023-12-01,58
P093,2023-12-01,197
P094,2023-12-01,30
P095,2023-12-01,323
P096,2023-12-01,282
P097,2023-12-01,240
P098,2023-12-01,315
P099,2023-12-01,0
P100,2023-12-01,325
P101,2023-12-01,222
P102,2023-12-01,143
P103,2023-12-01,404
P104,2023-12-01,305
P105,2023-12-01,80
P106,2023-12-01,39
P107,2023-12-01,189
P108,2023-12-01,284
P109,2023-12-01,19
P110,2023-12-01,220
P111,2023-12-01,933
P112,2023-12-01,64
P113,2023-12-01,82
P114,2023-12-01,395
P115,2023-12-01,455
P116,2023-12-01,267
P117,2023-12-01,26
P118,2023-12-01,479
P119,2023-12-01,51
P120,2023-12-01,122
P121,2023-12-01,452
P122,2023-12-01,189
P123,2023-12-01,189
P124,2023-12-01,457
P125,2023-12-01,107
P126,2023-12-01,268
P127,2023-12-01,332
P128,2023-12-01,89
P129,2023-12-01,256
P130,2023-12-01,117
P131,2023-12-01,96
P132,2023-12-01,268
P133,2023-12-01,824
P134,2023-12-01,371
P135,2023-12-01,753
P136,2023-12-01,171
P137,2023-12-01,75
P138,2023-12-01,1146
P139,2023-12-01,145
P140,2023-12-01,100
P141,2023-12-01,196
P142,2023-12-01,290
P143,2023-12-01,589
P144,2023-12-01,558
P145,2023-12-01,92
P146,2023-12-01,35
P147,2023-12-01,29
P148,2023-12-01,359
P149,2023-12-01,411
P150,2023-12-01,280
P151,2023-12-01,345
P152,2023-12-01,99
P153,2023-12-01,705
P154,2023-12-01,176
P155,2023-12-01,784
P156,2023-12-01,84
P157,2023-12-01,243
P158,2023-12-01,176
P159,2023-12-01,141
P160,2023-12-01,201
P161,2023-12-01,171
P162,2023-12-01,216
P163,2023-12-01,475
P164,2023-12-01,49
P165,2023-12-01,100
P166,2023-12-01,497
P167,2023-12-01,203
P168,2023-12-01,558
P169,2023-12-01,399
P170,2023-12-01,122
P171,2023-12-01,0
P172,2023-12-01,198
P173,2023-12-01,1118
P174,2023-12-01,424
P175,2023-12-01,113
P176,2023-12-01,90
P177,2023-12-01,1846
P178,2023-12-01,252
P179,2023-12-01,18
P180,2023-12-01,93
P181,2023-12-01,495
P182,2023-12-01,391
P183,2023-12-01,125
P184,2023-12-01,557
P185,2023-12-01,480
P186,2023-12-01,162
P187,2023-12-01,230
P188,2023-12-01,792
P189,2023-12-01,0
P190,2023-12-01,389
P191,2023-12-01,224
P192,2023-12-01,788
P193,2023-12-01,263
P194,2023-12-01,77
P195,2023-12-01,79
P196,2023-12-01,104
P197,2023-12-01,464
P198,2023-12-01,104
P199,2023-12-01,409
P200,2023-12-01,118
P201,2023-12-01,448
P202,2023-12-01,396
P203,2023-12-01,410
P204,2023-12-01,409
P205,2023-12-01,530
P206,2023-12-01,97
P207,2023-12-01,468
P208,2023-12-01,178
P209,2023-12-01,384
P210,2023-12-01,714
P211,2023-12-01,555
P212,2023-12-01,46
P213,2023-12-01,201
P214,2023-12-01,119
P215,2023-12-01,148
P216,2023-12-01,377
P217,2023-12-01,192
P218,2023-12-01,155
P219,2023-12-01,364
P220,2023-12-01,610
P221,2023-12-01,57
P222,2023-12-01,333
P223,2023-12-01,135
P224,2023-12-01,84
P225,2023-12-01,102
P226,2023-12-01,19
P227,2023-12-01,215
P228,2023-12-01,1697
P229,2023-12-01,81
P230,2023-12-01,195
P231,2023-12-01,158
P232,2023-12-01,321
P233,2023-12-01,11
P234,2023-12-01,127
P235,2023-12-01,725
P236,2023-12-01,188
P237,2023-12-01,244
P238,2023-12-01,238
P239,2023-12-01,758
P240,2023-12-01,148
P241,2023-12-01,49
P242,2023-12-01,817
P243,2023-12-01,354
P244,2023-12-01,121
P245,2023-12-01,86
P246,2023-12-01,453
P247,2023-12-01,683
P248,2023-12-01,224
P249,2023-12-01,728
P250,2023-12-01,131
P001,2024-01-01,178
P002,2024-01-01,69
P003,2024-01-01,144
P004,2024-01-01,567
P005,2024-01-01,59
P006,2024-01-01,112
P007,2024-01-01,47
P008,2024-01-01,853
P009,2024-01-01,253
P010,2024-01-01,200
P011,2024-01-01,43
P012,2024-01-01,675
P013,2024-01-01,121
P014,2024-01-01,48
P015,2024-01-01,287
P016,2024-01-01,238
P017,2024-01-01,140
P018,2024-01-01,45
P019,2024-01-01,112
P020,2024-01-01,1005
P021,2024-01-01,68
P022,2024-01-01,109
P023,2024-01-01,126
P024,2024-01-01,138
P025,2024-01-01,158
P026,2024-01-01,268
P027,2024-01-01,59
P028,2024-01-01,37
P029,2024-01-01,86
P030,2024-01-01,201
P031,2024-01-01,11
P032,2024-01-01,117
P033,2024-01-01,336
P034,2024-01-01,590
P035,2024-01-01,85
P036,2024-01-01,93
P037,2024-01-01,0
P038,2024-01-01,226
P039,2024-01-01,166
P040,2024-01-01,118
P041,2024-01-01,45
P042,2024-01-01,168
P043,2024-01-01,325
P044,2024-01-01,71
P045,2024-01-01,160
P046,2024-01-01,182
P047,2024-01-01,424
P048,2024-01-01,292
P049,2024-01-01,483
P050,2024-01-01,146
P051,2024-01-01,20
P052,2024-01-01,400
P053,2024-01-01,76
P054,2024-01-01,180
P055,2024-01-01,225
P056,2024-01-01,438
P057,2024-01-01,174
P058,2024-01-01,346
P059,2024-01-01,254
P060,2024-01-01,713
P061,2024-01-01,68
P062,2024-01-01,121
P063,2024-01-01,268
P064,2024-01-01,115
P065,2024-01-01,327
P066,2024-01-01,1215
P067,2024-01-01,229
P068,2024-01-01,217
P069,2024-01-01,498
P070,2024-01-01,516
P071,2024-01-01,217
P072,2024-01-01,494
P073,2024-01-01,253
P074,2024-01-01,134
P075,2024-01-01,129
P076,2024-01-01,184
P077,2024-01-01,68
P078,2024-01-01,109
P079,2024-01-01,88
P080,2024-01-01,141
P081,2024-01-01,0
P082,2024-01-01,388
P083,2024-01-01,96
P084,2024-01-01,1278
P085,2024-01-01,65
P086,2024-01-01,912
P087,2024-01-01,710
P088,2024-01-01,169
P089,2024-01-01,65
P090,2024-01-01,58
P091,2024-01-01,429
P092,2024-01-01,372
P093,2024-01-01,169
P094,2024-01-01,277
P095,2024-01-01,223
P096,2024-01-01,217
P097,2024-01-01,176
P098,2024-01-01,247
P099,2024-01-01,227
P100,2024-01-01,122
P101,2024-01-01,146
P102,2024-01-01,814
P103,2024-01-01,292
P104,2024-01-01,166
P105,2024-01-01,45
P106,2024-01-01,357
P107,2024-01-01,153
P108,2024-01-01,238
P109,2024-01-01,230
P110,2024-01-01,163
P111,2024-01-01,663
P112,2024-01-01,382
P113,2024-01-01,55
P114,2024-01-01,316
P115,2024-01-01,374
P116,2024-01-01,148
P117,2024-01-01,241
P118,2024-01-01,387
P119,2024-01-01,20
P120,2024-01-01,78
P121,2024-01-01,384
P122,2024-01-01,142
P123,2024-01-01,145
P124,2024-01-01,388
P125,2024-01-01,831
P126,2024-01-01,227
P127,2024-01-01,212
P128,2024-01-01,628
P129,2024-01-01,164
P130,2024-01-01,79
P131,2024-01-01,18
P132,2024-01-01,175
P133,2024-01-01,703
P134,2024-01-01,100
P135,2024-01-01,541
P136,2024-01-01,84
P137,2024-01-01,456
P138,2024-01-01,1046
P139,2024-01-01,101
P140,2024-01-01,67
P141,2024-01-01,138
P142,2024-01-01,159
P143,2024-01-01,535
P144,2024-01-01,366
P145,2024-01-01,74
P146,2024-01-01,2
P147,2024-01-01,340
P148,2024-01-01,249
P149,2024-01-01,340
P150,2024-01-01,246
P151,2024-01-01,285
P152,2024-01-01,68
P153,2024-01-01,556
P154,2024-01-01,122
P155,2024-01-01,341
P156,2024-01-01,38
P157,2024-01-01,131
P158,2024-01-01,74
P159,2024-01-01,89
P160,2024-01-01,105
P161,2024-01-01,142
P162,2024-01-01,142
P163,2024-01-01,339
P164,2024-01-01,773
P165,2024-01-01,60
P166,2024-01-01,401
P167,2024-01-01,127
P168,2024-01-01,443
P169,2024-01-01,337
P170,2024-01-01,49
P171,2024-01-01,452
P172,2024-01-01,136
P173,2024-01-01,991
P174,2024-01-01,350
P175,2024-01-01,55
P176,2024-01-01,30
P177,2024-01-01,1271
P178,2024-01-01,173
P179,2024-01-01,232
P180,2024-01-01,65
P181,2024-01-01,378
P182,2024-01-01,324
P183,2024-01-01,85
P184,2024-01-01,464
P185,2024-01-01,384
P186,2024-01-01,129
P187,2024-01-01,155
P188,2024-01-01,654
P189,2024-01-01,2595
P190,2024-01-01,321
P191,2024-01-01,153
P192,2024-01-01,637
P193,2024-01-01,186
P194,2024-01-01,0
P195,2024-01-01,38
P196,2024-01-01,74
P197,2024-01-01,295
P198,2024-01-01,69
P199,2024-01-01,306
P200,2024-01-01,78
P201,2024-01-01,372
P202,2024-01-01,377
P203,2024-01-01,266
P204,2024-01-01,293
P205,2024-01-01,342
P206,2024-01-01,65
P207,2024-01-01,395
P208,2024-01-01,88
P209,2024-01-01,300
P210,2024-01-01,414
P211,2024-01-01,461
P212,2024-01-01,11
P213,2024-01-01,127
P214,2024-01-01,55
P215,2024-01-01,100
P216,2024-01-01,237
P217,2024-01-01,136
P218,2024-01-01,104
P219,2024-01-01,307
P220,2024-01-01,496
P221,2024-01-01,699
P222,2024-01-01,255
P223,2024-01-01,77
P224,2024-01-01,42
P225,2024-01-01,30
P226,2024-01-01,232
P227,2024-01-01,132
P228,2024-01-01,1501
P229,2024-01-01,46
P230,2024-01-01,137
P231,2024-01-01,130
P232,2024-01-01,214
P233,2024-01-01,140
P234,2024-01-01,95
P235,2024-01-01,551
P236,2024-01-01,156
P237,2024-01-01,172
P238,2024-01-01,91
P239,2024-01-01,636
P240,2024-01-01,105
P241,2024-01-01,338
P242,2024-01-01,692
P243,2024-01-01,292
P244,2024-01-01,82
P245,2024-01-01,54
P246,2024-01-01,407
P247,2024-01-01,630
P248,2024-01-01,76
P249,2024-01-01,627
P250,2024-01-01,99
P001,2024-02-01,143
P002,2024-02-01,32
P003,2024-02-01,76
P004,2024-02-01,454
P005,2024-02-01,32
P006,2024-02-01,78
P007,2024-02-01,608
P008,2024-02-01,807
P009,2024-02-01,168
P010,2024-02-01,111
P011,2024-02-01,421
P012,2024-02-01,552
P013,2024-02-01,0
P014,2024-02-01,20
P015,2024-02-01,196
P016,2024-02-01,188
P017,2024-02-01,75
P018,2024-02-01,15
P019,2024-02-01,80
P020,2024-02-01,808
P021,2024-02-01,18
P022,2024-02-01,79
P023,2024-02-01,70
P024,2024-02-01,81
P025,2024-02-01,82
P026,2024-02-01,106
P027,2024-02-01,359
P028,2024-02-01,503
P029,2024-02-01,50
P030,2024-02-01,61
P031,2024-02-01,465
P032,2024-02-01,74
P033,2024-02-01,212
P034,2024-02-01,462
P035,2024-02-01,7
P036,2024-02-01,69
P037,2024-02-01,1204
P038,2024-02-01,0
P039,2024-02-01,41
P040,2024-02-01,78
P041,2024-02-01,253
P042,2024-02-01,62
P043,2024-02-01,218
P044,2024-02-01,1153
P045,2024-02-01,118
P046,2024-02-01,121
P047,2024-02-01,0
P048,2024-02-01,232
P049,2024-02-01,402
P050,2024-02-01,111
P051,2024-02-01,210
P052,2024-02-01,341
P053,2024-02-01,26
P054,2024-02-01,108
P055,2024-02-01,158
P056,2024-02-01,190
P057,2024-02-01,98
P058,2024-02-01,226
P059,2024-02-01,170
P060,2024-02-01,570
P061,2024-02-01,40
P062,2024-02-01,67
P063,2024-02-01,132
P064,2024-02-01,53
P065,2024-02-01,243
P066,2024-02-01,1122
P067,2024-02-01,132
P068,2024-02-01,0
P069,2024-02-01,387
P070,2024-02-01,361
P071,2024-02-01,86
P072,2024-02-01,388
P073,2024-02-01,198
P074,2024-02-01,67
P075,2024-02-01,89
P076,2024-02-01,89
P077,2024-02-01,44
P078,2024-02-01,73
P079,2024-02-01,37
P080,2024-02-01,100
P081,2024-02-01,190
P082,2024-02-01,298
P083,2024-02-01,836
P084,2024-02-01,1086
P085,2024-02-01,1244
P086,2024-02-01,807
P087,2024-02-01,451
P088,2024-02-01,109
P089,2024-02-01,25
P090,2024-02-01,1
P091,2024-02-01,377
P092,2024-02-01,317
P093,2024-02-01,121
P094,2024-02-01,182
P095,2024-02-01,146
P096,2024-02-01,168
P097,2024-02-01,85
P098,2024-02-01,180
P099,2024-02-01,157
P100,2024-02-01,43
P101,2024-02-01,91
P102,2024-02-01,706
P103,2024-02-01,158
P104,2024-02-01,772
P105,2024-02-01,259
P106,2024-02-01,306
P107,2024-02-01,126
P108,2024-02-01,184
P109,2024-02-01,108
P110,2024-02-01,96
P111,2024-02-01,495
P112,2024-02-01,342
P113,2024-02-01,11
P114,2024-02-01,208
P115,2024-02-01,302
P116,2024-02-01,56
P117,2024-02-01,173
P118,2024-02-01,286
P119,2024-02-01,194
P120,2024-02-01,24
P121,2024-02-01,315
P122,2024-02-01,92
P123,2024-02-01,98
P124,2024-02-01,304
P125,2024-02-01,749
P126,2024-02-01,179
P127,2024-02-01,0
P128,2024-02-01,518
P129,2024-02-01,68
P130,2024-02-01,55
P131,2024-02-01,487
P132,2024-02-01,114
P133,2024-02-01,556
P134,2024-02-01,1644
P135,2024-02-01,335
P136,2024-02-01,542
P137,2024-02-01,392
P138,2024-02-01,942
P139,2024-02-01,68
P140,2024-02-01,38
P141,2024-02-01,94
P142,2024-02-01,40
P143,2024-02-01,450
P144,2024-02-01,203
P145,2024-02-01,45
P146,2024-02-01,180
P147,2024-02-01,282
P148,2024-02-01,134
P149,2024-02-01,283
P150,2024-02-01,199
P151,2024-02-01,227
P152,2024-02-01,37
P153,2024-02-01,431
P154,2024-02-01,69
P155,2024-02-01,218
P156,2024-02-01,308
P157,2024-02-01,4
P158,2024-02-01,380
P159,2024-02-01,6
P160,2024-02-01,23
P161,2024-02-01,112
P162,2024-02-01,65
P163,2024-02-01,68
P164,2024-02-01,626
P165,2024-02-01,37
P166,2024-02-01,304
P167,2024-02-01,49
P168,2024-02-01,300
P169,2024-02-01,271
P170,2024-02-01,443
P171,2024-02-01,307
P172,2024-02-01,65
P173,2024-02-01,694
P174,2024-02-01,246
P175,2024-02-01,0
P176,2024-02-01,387
P177,2024-02-01,982
P178,2024-02-01,79
P179,2024-02-01,187
P180,2024-02-01,37
P181,2024-02-01,291
P182,2024-02-01,243
P183,2024-02-01,43
P184,2024-02-01,374
P185,2024-02-01,306
P186,2024-02-01,101
P187,2024-02-01,49
P188,2024-02-01,498
P189,2024-02-01,2173
P190,2024-02-01,236
P191,2024-02-01,84
P192,2024-02-01,452
P193,2024-02-01,156
P194,2024-02-01,497
P195,2024-02-01,308
P196,2024-02-01,45
P197,2024-02-01,163
P198,2024-02-01,33
P199,2024-02-01,180
P200,2024-02-01,25
P201,2024-02-01,288
P202,2024-02-01,318
P203,2024-02-01,134
P204,2024-02-01,172
P205,2024-02-01,71
P206,2024-02-01,25
P207,2024-02-01,321
P208,2024-02-01,8
P209,2024-02-01,219
P210,2024-02-01,184
P211,2024-02-01,363
P212,2024-02-01,249
P213,2024-02-01,29
P214,2024-02-01,0
P215,2024-02-01,58
P216,2024-02-01,120
P217,2024-02-01,92
P218,2024-02-01,28
P219,2024-02-01,253
P220,2024-02-01,409
P221,2024-02-01,597
P222,2024-02-01,191
P223,2024-02-01,14
P224,2024-02-01,0
P225,2024-02-01,230
P226,2024-02-01,186
P227,2024-02-01,62
P228,2024-02-01,1326
P229,2024-02-01,287
P230,2024-02-01,83
P231,2024-02-01,101
P232,2024-02-01,127
P233,2024-02-01,110
P234,2024-02-01,57
P235,2024-02-01,407
P236,2024-02-01,131
P237,2024-02-01,92
P238,2024-02-01,1019
P239,2024-02-01,81
P240,2024-02-01,68
P241,2024-02-01,280
P242,2024-02-01,135
P243,2024-02-01,292
P244,2024-02-01,33
P245,2024-02-01,8
P246,2024-02-01,386
P247,2024-02-01,555
P248,2024-02-01,608
P249,2024-02-01,541
P250,2024-02-01,61
P001,2024-03-01,99
P002,2024-03-01,4
P003,2024-03-01,306
P004,2024-03-01,321
P005,2024-03-01,155
P006,2024-03-01,20
P007,2024-03-01,528
P008,2024-03-01,570
P009,2024-03-01,89
P010,2024-03-01,37
P011,2024-03-01,374
P012,2024-03-01,460
P013,2024-03-01,941
P014,2024-03-01,167
P015,2024-03-01,98
P016,2024-03-01,131
P017,2024-03-01,34
P018,2024-03-01,146
P019,2024-03-01,43
P020,2024-03-01,659
P021,2024-03-01,216
P022,2024-03-01,43
P023,2024-03-01,19
P024,2024-03-01,33
P025,2024-03-01,23
P026,2024-03-01,753
P027,2024-03-01,308
P028,2024-03-01,434
P029,2024-03-01,11
P030,2024-03-01,642
P031,2024-03-01,392
P032,2024-03-01,34
P033,2024-03-01,105
P034,2024-03-01,305
P035,2024-03-01,523
P036,2024-03-01,42
P037,2024-03-01,1068
P038,2024-03-01,1147
P039,2024-03-01,978
P040,2024-03-01,14
P041,2024-03-01,205
P042,2024-03-01,624
P043,2024-03-01,87
P044,2024-03-01,1082
P045,2024-03-01,85
P046,2024-03-01,37
P047,2024-03-01,1223
P048,2024-03-01,227
P049,2024-03-01,336
P050,2024-03-01,78
P051,2024-03-01,190
P052,2024-03-01,298
P053,2024-03-01,256
P054,2024-03-01,30
P055,2024-03-01,99
P056,2024-03-01,1164
P057,2024-03-01,24
P058,2024-03-01,98
P059,2024-03-01,91
P060,2024-03-01,424
P061,2024-03-01,7
P062,2024-03-01,16
P063,2024-03-01,978
P064,2024-03-01,457
P065,2024-03-01,131
P066,2024-03-01,1014
P067,2024-03-01,473
P068,2024-03-01,755
P069,2024-03-01,277
P070,2024-03-01,219
P071,2024-03-01,607
P072,2024-03-01,265
P073,2024-03-01,105
P074,2024-03-01,306
P075,2024-03-01,36
P076,2024-03-01,0
P077,2024-03-01,11
P078,2024-03-01,0
P079,2024-03-01,340
P080,2024-03-01,46
P081,2024-03-01,158
P082,2024-03-01,160
P083,2024-03-01,737
P084,2024-03-01,942
P085,2024-03-01,1129
P086,2024-03-01,678
P087,2024-03-01,207
P088,2024-03-01,64
P089,2024-03-01,147
P090,2024-03-01,229
P091,2024-03-01,338
P092,2024-03-01,240
P093,2024-03-01,87
P094,2024-03-01,90
P095,2024-03-01,59
P096,2024-03-01,119
P097,2024-03-01,13
P098,2024-03-01,105
P099,2024-03-01,47
P100,2024-03-01,658
P101,2024-03-01,29
P102,2024-03-01,600
P103,2024-03-01,9
P104,2024-03-01,630
P105,2024-03-01,232
P106,2024-03-01,262
P107,2024-03-01,92
P108,2024-03-01,104
P109,2024-03-01,26
P110,2024-03-01,40
P111,2024-03-01,224
P112,2024-03-01,296
P113,2024-03-01,198
P114,2024-03-01,145
P115,2024-03-01,217
P116,2024-03-01,386
P117,2024-03-01,78
P118,2024-03-01,203
P119,2024-03-01,153
P120,2024-03-01,179
P121,2024-03-01,256
P122,2024-03-01,19
P123,2024-03-01,58
P124,2024-03-01,232
P125,2024-03-01,672
P126,2024-03-01,132
P127,2024-03-01,973
P128,2024-03-01,433
P129,2024-03-01,464
P130,2024-03-01,24
P131,2024-03-01,410
P132,2024-03-01,0
P133,2024-03-01,453
P134,2024-03-01,1437
P135,2024-03-01,198
P136,2024-03-01,471
P137,2024-03-01,339
P138,2024-03-01,806
P139,2024-03-01,32
P140,2024-03-01,138
P141,2024-03-01,23
P142,2024-03-01,787
P143,2024-03-01,418
P144,2024-03-01,1386
P145,2024-03-01,21
P146,2024-03-01,149
P147,2024-03-01,239
P148,2024-03-01,876
P149,2024-03-01,216
P150,2024-03-01,155
P151,2024-03-01,173
P152,2024-03-01,156
P153,2024-03-01,282
P154,2024-03-01,34
P155,2024-03-01,94
P156,2024-03-01,274
P157,2024-03-01,722
P158,2024-03-01,274
P159,2024-03-01,490
P160,2024-03-01,641
P161,2024-03-01,81
P162,2024-03-01,297
P163,2024-03-01,1322
P164,2024-03-01,507
P165,2024-03-01,292
P166,2024-03-01,224
P167,2024-03-01,367
P168,2024-03-01,193
P169,2024-03-01,199
P170,2024-03-01,364
P171,2024-03-01,195
P172,2024-03-01,530
P173,2024-03-01,617
P174,2024-03-01,218
P175,2024-03-01,439
P176,2024-03-01,323
P177,2024-03-01,804
P178,2024-03-01,332
P179,2024-03-01,133
P180,2024-03-01,11
P181,2024-03-01,171
P182,2024-03-01,161
P183,2024-03-01,0
P184,2024-03-01,304
P185,2024-03-01,228
P186,2024-03-01,66
P187,2024-03-01,703
P188,2024-03-01,353
P189,2024-03-01,1842
P190,2024-03-01,159
P191,2024-03-01,579
P192,2024-03-01,282
P193,2024-03-01,73
P194,2024-03-01,424
P195,2024-03-01,251
P196,2024-03-01,11
P197,2024-03-01,8
P198,2024-03-01,6
P199,2024-03-01,71
P200,2024-03-01,369
P201,2024-03-01,207
P202,2024-03-01,256
P203,2024-03-01,551
P204,2024-03-01,75
P205,2024-03-01,1534
P206,2024-03-01,153
P207,2024-03-01,250
P208,2024-03-01,324
P209,2024-03-01,158
P210,2024-03-01,48
P211,2024-03-01,292
P212,2024-03-01,215
P213,2024-03-01,383
P214,2024-03-01,388
P215,2024-03-01,220
P216,2024-03-01,549
P217,2024-03-01,41
P218,2024-03-01,465
P219,2024-03-01,189
P220,2024-03-01,289
P221,2024-03-01,519
P222,2024-03-01,124
P223,2024-03-01,386
P224,2024-03-01,356
P225,2024-03-01,177
P226,2024-03-01,145
P227,2024-03-01,313
P228,2024-03-01,1066
P229,2024-03-01,234
P230,2024-03-01,44
P231,2024-03-01,70
P232,2024-03-01,25
P233,2024-03-01,66
P234,2024-03-01,14
P235,2024-03-01,324
P236,2024-03-01,95
P237,2024-03-01,10
P238,2024-03-01,903
P239,2024-03-01,2546
P240,2024-03-01,19
P241,2024-03-01,225
P242,2024-03-01,1903
P243,2024-03-01,225
P244,2024-03-01,375
P245,2024-03-01,266
P246,2024-03-01,358
P247,2024-03-01,530
P248,2024-03-01,432
P249,2024-03-01,432
P250,2024-03-01,25
P001,2024-04-01,44
P002,2024-04-01,265
P003,2024-04-01,236
P004,2024-04-01,197
P005,2024-04-01,124
P006,2024-04-01,189
P007,2024-04-01,481
P008,2024-04-01,432
P009,2024-04-01,644
P010,2024-04-01,297
P011,2024-04-01,314
P012,2024-04-01,372
P013,2024-04-01,845
P014,2024-04-01,142
P015,2024-04-01,796
P016,2024-04-01,62
P017,2024-04-01,194
P018,2024-04-01,109
P019,2024-04-01,10
P020,2024-04-01,475
P021,2024-04-01,167
P022,2024-04-01,168
P023,2024-04-01,190
P024,2024-04-01,193
P025,2024-04-01,278
P026,2024-04-01,584
P027,2024-04-01,245
P028,2024-04-01,355
P029,2024-04-01,274
P030,2024-04-01,485
P031,2024-04-01,297
P032,2024-04-01,130
P033,2024-04-01,918
P034,2024-04-01,136
P035,2024-04-01,438
P036,2024-04-01,10
P037,2024-04-01,971
P038,2024-04-01,1049
P039,2024-04-01,861
P040,2024-04-01,246
P041,2024-04-01,147
P042,2024-04-01,467
P043,2024-04-01,1007
P044,2024-04-01,1030
P045,2024-04-01,47
P046,2024-04-01,475
P047,2024-04-01,1052
P048,2024-04-01,164
P049,2024-04-01,288
P050,2024-04-01,50
P051,2024-04-01,165
P052,2024-04-01,241
P053,2024-04-01,198
P054,2024-04-01,517
P055,2024-04-01,30
P056,2024-04-01,584
P057,2024-04-01,289
P058,2024-04-01,461
P059,2024-04-01,549
P060,2024-04-01,266
P061,2024-04-01,238
P062,2024-04-01,230
P063,2024-04-01,865
P064,2024-04-01,386
P065,2024-04-01,524
P066,2024-04-01,912
P067,2024-04-01,357
P068,2024-04-01,675
P069,2024-04-01,178
P070,2024-04-01,66
P071,2024-04-01,477
P072,2024-04-01,157
P073,2024-04-01,27
P074,2024-04-01,262
P075,2024-04-01,176
P076,2024-04-01,729
P077,2024-04-01,136
P078,2024-04-01,180
P079,2024-04-01,302
P080,2024-04-01,246
P081,2024-04-01,127
P082,2024-04-01,136
P083,2024-04-01,649
P084,2024-04-01,626
P085,2024-04-01,1023
P086,2024-04-01,583
P087,2024-04-01,929
P088,2024-04-01,17
P089,2024-04-01,113
P090,2024-04-01,182
P091,2024-04-01,289
P092,2024-04-01,143
P093,2024-04-01,50
P094,2024-04-01,0
P095,2024-04-01,320
P096,2024-04-01,50
P097,2024-04-01,325
P098,2024-04-01,56
P099,2024-04-01,1073
P100,2024-04-01,591
P101,2024-04-01,485
P102,2024-04-01,525
P103,2024-04-01,535
P104,2024-04-01,466
P105,2024-04-01,187
P106,2024-04-01,210
P107,2024-04-01,64
P108,2024-04-01,49
P109,2024-04-01,333
P110,2024-04-01,230
P111,2024-04-01,1889
P112,2024-04-01,231
P113,2024-04-01,167
P114,2024-04-01,70
P115,2024-04-01,147
P116,2024-04-01,296
P117,2024-04-01,0
P118,2024-04-01,129
P119,2024-04-01,116
P120,2024-04-01,134
P121,2024-04-01,225
P122,2024-04-01,396
P123,2024-04-01,181
P124,2024-04-01,130
P125,2024-04-01,585
P126,2024-04-01,97
P127,2024-04-01,848
P128,2024-04-01,329
P129,2024-04-01,368
P130,2024-04-01,124
P131,2024-04-01,312
P132,2024-04-01,623
P133,2024-04-01,332
P134,2024-04-01,1242
P135,2024-04-01,35
P136,2024-04-01,402
P137,2024-04-01,270
P138,2024-04-01,724
P139,2024-04-01,159
P140,2024-04-01,113
P141,2024-04-01,201
P142,2024-04-01,646
P143,2024-04-01,344
P144,2024-04-01,1227
P145,2024-04-01,110
P146,2024-04-01,116
P147,2024-04-01,187
P148,2024-04-01,782
P149,2024-04-01,152
P150,2024-04-01,40
P151,2024-04-01,92
P152,2024-04-01,133
P153,2024-04-01,167
P154,2024-04-01,182
P155,2024-04-01,873
P156,2024-04-01,210
P157,2024-04-01,624
P158,2024-04-01,185
P159,2024-04-01,436
P160,2024-04-01,577
P161,2024-04-01,48
P162,2024-04-01,242
P163,2024-04-01,1138
P164,2024-04-01,364
P165,2024-04-01,241
P166,2024-04-01,156
P167,2024-04-01,298
P168,2024-04-01,80
P169,2024-04-01,142
P170,2024-04-01,304
P171,2024-04-01,56
P172,2024-04-01,466
P173,2024-04-01,423
P174,2024-04-01,96
P175,2024-04-01,390
P176,2024-04-01,245
P177,2024-04-01,665
P178,2024-04-01,272
P179,2024-04-01,74
P180,2024-04-01,114
P181,2024-04-01,60
P182,2024-04-01,81
P183,2024-04-01,162
P184,2024-04-01,208
P185,2024-04-01,154
P186,2024-04-01,38
P187,2024-04-01,575
P188,2024-04-01,183
P189,2024-04-01,1603
P190,2024-04-01,105
P191,2024-04-01,523
P192,2024-04-01,142
P193,2024-04-01,344
P194,2024-04-01,355
P195,2024-04-01,207
P196,2024-04-01,125
P197,2024-04-01,750
P198,2024-04-01,109
P199,2024-04-01,542
P200,2024-04-01,316
P201,2024-04-01,144
P202,2024-04-01,224
P203,2024-04-01,403
P204,2024-04-01,0
P205,2024-04-01,1445
P206,2024-04-01,117
P207,2024-04-01,173
P208,2024-04-01,240
P209,2024-04-01,87
P210,2024-04-01,707
P211,2024-04-01,191
P212,2024-04-01,178
P213,2024-04-01,251
P214,2024-04-01,335
P215,2024-04-01,174
P216,2024-04-01,411
P217,2024-04-01,201
P218,2024-04-01,399
P219,2024-04-01,102
P220,2024-04-01,221
P221,2024-04-01,440
P222,2024-04-01,63
P223,2024-04-01,319
P224,2024-04-01,331
P225,2024-04-01,143
P226,2024-04-01,96
P227,2024-04-01,261
P228,2024-04-01,884
P229,2024-04-01,188
P230,2024-04-01,181
P231,2024-04-01,31
P232,2024-04-01,429
P233,2024-04-01,30
P234,2024-04-01,133
P235,2024-04-01,231
P236,2024-04-01,61
P237,2024-04-01,232
P238,2024-04-01,792
P239,2024-04-01,2417
P240,2024-04-01,147
P241,2024-04-01,178
P242,2024-04-01,1753
P243,2024-04-01,172
P244,2024-04-01,327
P245,2024-04-01,221
P246,2024-04-01,295
P247,2024-04-01,412
P248,2024-04-01,270
P249,2024-04-01,346
P250,2024-04-01,168
P001,2024-05-01,0
P002,2024-05-01,230
P003,2024-05-01,165
P004,2024-05-01,31
P005,2024-05-01,94
P006,2024-05-01,125
P007,2024-05-01,405
P008,2024-05-01,0
P009,2024-05-01,531
P010,2024-05-01,233
P011,2024-05-01,259
P012,2024-05-01,281
P013,2024-05-01,565
P014,2024-05-01,111
P015,2024-05-01,671
P016,2024-05-01,0
P017,2024-05-01,141
P018,2024-05-01,73
P019,2024-05-01,178
P020,2024-05-01,268
P021,2024-05-01,109
P022,2024-05-01,131
P023,2024-05-01,146
P024,2024-05-01,146
P025,2024-05-01,188
P026,2024-05-01,448
P027,2024-05-01,190
P028,2024-05-01,287
P029,2024-05-01,228
P030,2024-05-01,311
P031,2024-05-01,227
P032,2024-05-01,98
P033,2024-05-01,819
P034,2024-05-01,890
P035,2024-05-01,358
P036,2024-05-01,85
P037,2024-05-01,962
P038,2024-05-01,966
P039,2024-05-01,744
P040,2024-05-01,190
P041,2024-05-01,95
P042,2024-05-01,427
P043,2024-05-01,881
P044,2024-05-01,972
P045,2024-05-01,6
P046,2024-05-01,397
P047,2024-05-01,832
P048,2024-05-01,93
P049,2024-05-01,215
P050,2024-05-01,2
P051,2024-05-01,132
P052,2024-05-01,204
P053,2024-05-01,132
P054,2024-05-01,450
P055,2024-05-01,466
P056,2024-05-01,391
P057,2024-05-01,197
P058,2024-05-01,358
P059,2024-05-01,501
P060,2024-05-01,113
P061,2024-05-01,197
P062,2024-05-01,177
P063,2024-05-01,711
P064,2024-05-01,333
P065,2024-05-01,371
P066,2024-05-01,867
P067,2024-05-01,240
P068,2024-05-01,534
P069,2024-05-01,100
P070,2024-05-01,783
P071,2024-05-01,346
P072,2024-05-01,19
P073,2024-05-01,323
P074,2024-05-01,210
P075,2024-05-01,113
P076,2024-05-01,626
P077,2024-05-01,98
P078,2024-05-01,115
P079,2024-05-01,259
P080,2024-05-01,210
P081,2024-05-01,97
P082,2024-05-01,76
P083,2024-05-01,520
P084,2024-05-01,378
P085,2024-05-01,933
P086,2024-05-01,457
P087,2024-05-01,714
P088,2024-05-01,280
P089,2024-05-01,78
P090,2024-05-01,134
P091,2024-05-01,269
P092,2024-05-01,79
P093,2024-05-01,253
P094,2024-05-01,272
P095,2024-05-01,225
P096,2024-05-01,186
P097,2024-05-01,265
P098,2024-05-01,377
P099,2024-05-01,926
P100,2024-05-01,543
P101,2024-05-01,414
P102,2024-05-01,373
P103,2024-05-01,376
P104,2024-05-01,333
P105,2024-05-01,148
P106,2024-05-01,160
P107,2024-05-01,32
P108,2024-05-01,370
P109,2024-05-01,236
P110,2024-05-01,164
P111,2024-05-01,1656
P112,2024-05-01,172
P113,2024-05-01,126
P114,2024-05-01,643
P115,2024-05-01,71
P116,2024-05-01,183
P117,2024-05-01,222
P118,2024-05-01,15
P119,2024-05-01,84
P120,2024-05-01,94
P121,2024-05-01,93
P122,2024-05-01,338
P123,2024-05-01,117
P124,2024-05-01,53
P125,2024-05-01,525
P126,2024-05-01,62
P127,2024-05-01,726
P128,2024-05-01,213
P129,2024-05-01,269
P130,2024-05-01,101
P131,2024-05-01,213
P132,2024-05-01,550
P133,2024-05-01,186
P134,2024-05-01,1052
P135,2024-05-01,897
P136,2024-05-01,332
P137,2024-05-01,200
P138,2024-05-01,595
P139,2024-05-01,117
P140,2024-05-01,83
P141,2024-05-01,149
P142,2024-05-01,485
P143,2024-05-01,307
P144,2024-05-01,1050
P145,2024-05-01,71
P146,2024-05-01,87
P147,2024-05-01,114
P148,2024-05-01,675
P149,2024-05-01,83
P150,2024-05-01,316
P151,2024-05-01,52
P152,2024-05-01,100
P153,2024-05-01,79
P154,2024-05-01,131
P155,2024-05-01,716
P156,2024-05-01,143
P157,2024-05-01,503
P158,2024-05-01,125
P159,2024-05-01,372
P160,2024-05-01,512
P161,2024-05-01,23
P162,2024-05-01,180
P163,2024-05-01,1043
P164,2024-05-01,193
P165,2024-05-01,197
P166,2024-05-01,36
P167,2024-05-01,239
P168,2024-05-01,683
P169,2024-05-01,19
P170,2024-05-01,236
P171,2024-05-01,422
P172,2024-05-01,382
P173,2024-05-01,305
P174,2024-05-01,0
P175,2024-05-01,324
P176,2024-05-01,177
P177,2024-05-01,283
P178,2024-05-01,202
P179,2024-05-01,22
P180,2024-05-01,77
P181,2024-05-01,375
P182,2024-05-01,494
P183,2024-05-01,114
P184,2024-05-01,110
P185,2024-05-01,54
P186,2024-05-01,6
P187,2024-05-01,467
P188,2024-05-01,4
P189,2024-05-01,1356
P190,2024-05-01,20
P191,2024-05-01,429
P192,2024-05-01,937
P193,2024-05-01,298
P194,2024-05-01,269
P195,2024-05-01,155
P196,2024-05-01,99
P197,2024-05-01,607
P198,2024-05-01,75
P199,2024-05-01,412
P200,2024-05-01,268
P201,2024-05-01,33
P202,2024-05-01,168
P203,2024-05-01,300
P204,2024-05-01,510
P205,2024-05-01,1213
P206,2024-05-01,86
P207,2024-05-01,78
P208,2024-05-01,161
P209,2024-05-01,0
P210,2024-05-01,522
P211,2024-05-01,98
P212,2024-05-01,142
P213,2024-05-01,146
P214,2024-05-01,271
P215,2024-05-01,131
P216,2024-05-01,282
P217,2024-05-01,143
P218,2024-05-01,349
P219,2024-05-01,38
P220,2024-05-01,99
P221,2024-05-01,333
P222,2024-05-01,373
P223,2024-05-01,257
P224,2024-05-01,290
P225,2024-05-01,123
P226,2024-05-01,48
P227,2024-05-01,191
P228,2024-05-01,678
P229,2024-05-01,149
P230,2024-05-01,122
P231,2024-05-01,200
P232,2024-05-01,330
P233,2024-05-01,220
P234,2024-05-01,85
P235,2024-05-01,124
P236,2024-05-01,29
P237,2024-05-01,146
P238,2024-05-01,660
P239,2024-05-01,2277
P240,2024-05-01,106
P241,2024-05-01,128
P242,2024-05-01,1445
P243,2024-05-01,82
P244,2024-05-01,289
P245,2024-05-01,179
P246,2024-05-01,260
P247,2024-05-01,386
P248,2024-05-01,128
P249,2024-05-01,193
P250,2024-05-01,123
P001,2024-06-01,229
P002,2024-06-01,199
P003,2024-06-01,95
P004,2024-06-01,703
P005,2024-06-01,56
P006,2024-06-01,63
P007,2024-06-01,341
P008,2024-06-01,1938
P009,2024-06-01,377
P010,2024-06-01,145
P011,2024-06-01,189
P012,2024-06-01,154
P013,2024-06-01,426
P014,2024-06-01,83
P015,2024-06-01,566
P016,2024-06-01,298
P017,2024-06-01,83
P018,2024-06-01,42
P019,2024-06-01,132
P020,2024-06-01,0
P021,2024-06-01,35
P022,2024-06-01,81
P023,2024-06-01,80
P024,2024-06-01,73
P025,2024-06-01,89
P026,2024-06-01,294
P027,2024-06-01,128
P028,2024-06-01,220
P029,2024-06-01,188
P030,2024-06-01,83
P031,2024-06-01,189
P032,2024-06-01,64
P033,2024-06-01,688
P034,2024-06-01,727
P035,2024-06-01,277
P036,2024-06-01,51
P037,2024-06-01,626
P038,2024-06-01,512
P039,2024-06-01,662
P040,2024-06-01,6
P041,2024-06-01,24
P042,2024-06-01,342
P043,2024-06-01,748
P044,2024-06-01,875
P045,2024-06-01,198
P046,2024-06-01,284
P047,2024-06-01,824
P048,2024-06-01,0
P049,2024-06-01,141
P050,2024-06-01,167
P051,2024-06-01,110
P052,2024-06-01,153
P053,2024-06-01,73
P054,2024-06-01,337
P055,2024-06-01,374
P056,2024-06-01,0
P057,2024-06-01,133
P058,2024-06-01,215
P059,2024-06-01,442
P060,2024-06-01,786
P061,2024-06-01,155
P062,2024-06-01,106
P063,2024-06-01,577
P064,2024-06-01,229
P065,2024-06-01,235
P066,2024-06-01,817
P067,2024-06-01,59
P068,2024-06-01,436
P069,2024-06-01,0
P070,2024-06-01,562
P071,2024-06-01,215
P072,2024-06-01,637
P073,2024-06-01,234
P074,2024-06-01,155
P075,2024-06-01,69
P076,2024-06-01,543
P077,2024-06-01,46
P078,2024-06-01,77
P079,2024-06-01,216
P080,2024-06-01,136
P081,2024-06-01,65
P082,2024-06-01,430
P083,2024-06-01,404
P084,2024-06-01,78
P085,2024-06-01,808
P086,2024-06-01,280
P087,2024-06-01,464
P088,2024-06-01,222
P089,2024-06-01,49
P090,2024-06-01,65
P091,2024-06-01,178
P092,2024-06-01,44
P093,2024-06-01,205
P094,2024-06-01,125
P095,2024-06-01,97
P096,2024-06-01,85
P097,2024-06-01,192
P098,2024-06-01,319
P099,2024-06-01,841
P100,2024-06-01,483
P101,2024-06-01,326
P102,2024-06-01,258
P103,2024-06-01,245
P104,2024-06-01,217
P105,2024-06-01,112
P106,2024-06-01,97
P107,2024-06-01,184
P108,2024-06-01,323
P109,2024-06-01,159
P110,2024-06-01,94
P111,2024-06-01,1421
P112,2024-06-01,103
P113,2024-06-01,90
P114,2024-06-01,531
P115,2024-06-01,21
P116,2024-06-01,47
P117,2024-06-01,119
P118,2024-06-01,443
P119,2024-06-01,57
P120,2024-06-01,40
P121,2024-06-01,23
P122,2024-06-01,277
P123,2024-06-01,65
P124,2024-06-01,645
P125,2024-06-01,452
P126,2024-06-01,21
P127,2024-06-01,632
P128,2024-06-01,124
P129,2024-06-01,111
P130,2024-06-01,75
P131,2024-06-01,110
P132,2024-06-01,516
P133,2024-06-01,12
P134,2024-06-01,865
P135,2024-06-01,744
P136,2024-06-01,282
P137,2024-06-01,143
P138,2024-06-01,297
P139,2024-06-01,66
P140,2024-06-01,46
P141,2024-06-01,82
P142,2024-06-01,349
P143,2024-06-01,251
P144,2024-06-01,884
P145,2024-06-01,31
P146,2024-06-01,62
P147,2024-06-01,36
P148,2024-06-01,558
P149,2024-06-01,0
P150,2024-06-01,237
P151,2024-06-01,335
P152,2024-06-01,59
P153,2024-06-01,674
P154,2024-06-01,95
P155,2024-06-01,442
P156,2024-06-01,75
P157,2024-06-01,326
P158,2024-06-01,51
P159,2024-06-01,289
P160,2024-06-01,437
P161,2024-06-01,173
P162,2024-06-01,103
P163,2024-06-01,811
P164,2024-06-01,89
P165,2024-06-01,154
P166,2024-06-01,446
P167,2024-06-01,171
P168,2024-06-01,579
P169,2024-06-01,448
P170,2024-06-01,110
P171,2024-06-01,239
P172,2024-06-01,309
P173,2024-06-01,173
P174,2024-06-01,0
P175,2024-06-01,247
P176,2024-06-01,32
P177,2024-06-01,89
P178,2024-06-01,128
P179,2024-06-01,314
P180,2024-06-01,48
P181,2024-06-01,171
P182,2024-06-01,437
P183,2024-06-01,69
P184,2024-06-01,500
P185,2024-06-01,460
P186,2024-06-01,164
P187,2024-06-01,379
P188,2024-06-01,829
P189,2024-06-01,1045
P190,2024-06-01,359
P191,2024-06-01,348
P192,2024-06-01,756
P193,2024-06-01,205
P194,2024-06-01,145
P195,2024-06-01,99
P196,2024-06-01,45
P197,2024-06-01,429
P198,2024-06-01,26
P199,2024-06-01,207
P200,2024-06-01,231
P201,2024-06-01,461
P202,2024-06-01,109
P203,2024-06-01,144
P204,2024-06-01,418
P205,2024-06-01,961
P206,2024-06-01,44
P207,2024-06-01,494
P208,2024-06-01,74
P209,2024-06-01,352
P210,2024-06-01,325
P211,2024-06-01,511
P212,2024-06-01,102
P213,2024-06-01,48
P214,2024-06-01,0
P215,2024-06-01,88
P216,2024-06-01,108
P217,2024-06-01,101
P218,2024-06-01,298
P219,2024-06-01,379
P220,2024-06-01,628
P221,2024-06-01,253
P222,2024-06-01,320
P223,2024-06-01,197
P224,2024-06-01,274
P225,2024-06-01,80
P226,2024-06-01,287
P227,2024-06-01,96
P228,2024-06-01,365
P229,2024-06-01,108
P230,2024-06-01,64
P231,2024-06-01,171
P232,2024-06-01,214
P233,2024-06-01,192
P234,2024-06-01,35
P235,2024-06-01,587
P236,2024-06-01,6
P237,2024-06-01,72
P238,2024-06-01,573
P239,2024-06-01,1971
P240,2024-06-01,71
P241,2024-06-01,71
P242,2024-06-01,1232
P243,2024-06-01,23
P244,2024-06-01,244
P245,2024-06-01,133
P246,2024-06-01,227
P247,2024-06-01,346
P248,2024-06-01,45
P249,2024-06-01,28
P250,2024-06-01,90
P001,2024-07-01,148
P002,2024-07-01,162
P003,2024-07-01,25
P004,2024-07-01,543
P005,2024-07-01,30
P006,2024-07-01,23
P007,2024-07-01,282
P008,2024-07-01,1770
P009,2024-07-01,250
P010,2024-07-01,51
P011,2024-07-01,147
P012,2024-07-01,70
P013,2024-07-01,96
P014,2024-07-01,56
P015,2024-07-01,468
P016,2024-07-01,211
P017,2024-07-01,33
P018,2024-07-01,15
P019,2024-07-01,92
P020,2024-07-01,1381
P021,2024-07-01,268
P022,2024-07-01,31
P023,2024-07-01,0
P024,2024-07-01,8
P025,2024-07-01,0
P026,2024-07-01,130
P027,2024-07-01,72
P028,2024-07-01,126
P029,2024-07-01,147
P030,2024-07-01,770
P031,2024-07-01,85
P032,2024-07-01,20
P033,2024-07-01,611
P034,2024-07-01,578
P035,2024-07-01,203
P036,2024-07-01,16
P037,2024-07-01,538
P038,2024-07-01,462
P039,2024-07-01,538
P040,2024-07-01,670
P041,2024-07-01,244
P042,2024-07-01,118
P043,2024-07-01,624
P044,2024-07-01,785
P045,2024-07-01,167
P046,2024-07-01,243
P047,2024-07-01,605
P048,2024-07-01,231
P049,2024-07-01,22
P050,2024-07-01,116
P051,2024-07-01,73
P052,2024-07-01,89
P053,2024-07-01,9
P054,2024-07-01,249
P055,2024-07-01,299
P056,2024-07-01,2633
P057,2024-07-01,67
P058,2024-07-01,44
P059,2024-07-01,379
P060,2024-07-01,546
P061,2024-07-01,106
P062,2024-07-01,43
P063,2024-07-01,405
P064,2024-07-01,154
P065,2024-07-01,121
P066,2024-07-01,681
P067,2024-07-01,480
P068,2024-07-01,325
P069,2024-07-01,490
P070,2024-07-01,330
P071,2024-07-01,76
P072,2024-07-01,510
P073,2024-07-01,113
P074,2024-07-01,106
P075,2024-07-01,15
P076,2024-07-01,405
P077,2024-07-01,7
P078,2024-07-01,75
P079,2024-07-01,177
P080,2024-07-01,49
P081,2024-07-01,36
P082,2024-07-01,386
P083,2024-07-01,256
P084,2024-07-01,1661
P085,2024-07-01,671
P086,2024-07-01,156
P087,2024-07-01,273
P088,2024-07-01,172
P089,2024-07-01,9
P090,2024-07-01,4
P091,2024-07-01,108
P092,2024-07-01,256
P093,2024-07-01,172
P094,2024-07-01,24
P095,2024-07-01,405
P096,2024-07-01,0
P097,2024-07-01,101
P098,2024-07-01,249
P099,2024-07-01,743
P100,2024-07-01,291
P101,2024-07-01,244
P102,2024-07-01,184
P103,2024-07-01,135
P104,2024-07-01,64
P105,2024-07-01,74
P106,2024-07-01,33
P107,2024-07-01,157
P108,2024-07-01,254
P109,2024-07-01,81
P110,2024-07-01,49
P111,2024-07-01,1228
P112,2024-07-01,51
P113,2024-07-01,63
P114,2024-07-01,429
P115,2024-07-01,346
P116,2024-07-01,373
P117,2024-07-01,0
P118,2024-07-01,372
P119,2024-07-01,31
P120,2024-07-01,190
P121,2024-07-01,514
P122,2024-07-01,214
P123,2024-07-01,245
P124,2024-07-01,519
P125,2024-07-01,367
P126,2024-07-01,249
P127,2024-07-01,549
P128,2024-07-01,0
P129,2024-07-01,0
P130,2024-07-01,39
P131,2024-07-01,23
P132,2024-07-01,421
P133,2024-07-01,724
P134,2024-07-01,683
P135,2024-07-01,588
P136,2024-07-01,223
P137,2024-07-01,75
P138,2024-07-01,173
P139,2024-07-01,19
P140,2024-07-01,9
P141,2024-07-01,36
P142,2024-07-01,217
P143,2024-07-01,169
P144,2024-07-01,740
P145,2024-07-01,0
P146,2024-07-01,17
P147,2024-07-01,403
P148,2024-07-01,441
P149,2024-07-01,405
P150,2024-07-01,171
P151,2024-07-01,276
P152,2024-07-01,19
P153,2024-07-01,503
P154,2024-07-01,57
P155,2024-07-01,144
P156,2024-07-01,7
P157,2024-07-01,152
P158,2024-07-01,239
P159,2024-07-01,201
P160,2024-07-01,356
P161,2024-07-01,139
P162,2024-07-01,1
P163,2024-07-01,514
P164,2024-07-01,799
P165,2024-07-01,110
P166,2024-07-01,335
P167,2024-07-01,91
P168,2024-07-01,479
P169,2024-07-01,326
P170,2024-07-01,29
P171,2024-07-01,0
P172,2024-07-01,234
P173,2024-07-01,0
P174,2024-07-01,571
P175,2024-07-01,199
P176,2024-07-01,626
P177,2024-07-01,1292
P178,2024-07-01,68
P179,2024-07-01,283
P180,2024-07-01,16
P181,2024-07-01,0
P182,2024-07-01,353
P183,2024-07-01,36
P184,2024-07-01,359
P185,2024-07-01,354
P186,2024-07-01,123
P187,2024-07-01,235
P188,2024-07-01,669
P189,2024-07-01,804
P190,2024-07-01,271
P191,2024-07-01,266
P192,2024-07-01,550
P193,2024-07-01,142
P194,2024-07-01,89
P195,2024-07-01,64
P196,2024-07-01,0
P197,2024-07-01,0
P198,2024-07-01,136
P199,2024-07-01,79
P200,2024-07-01,175
P201,2024-07-01,354
P202,2024-07-01,39
P203,2024-07-01,497
P204,2024-07-01,319
P205,2024-07-01,778
P206,2024-07-01,7
P207,2024-07-01,407
P208,2024-07-01,410
P209,2024-07-01,222
P210,2024-07-01,47
P211,2024-07-01,425
P212,2024-07-01,51
P213,2024-07-01,503
P214,2024-07-01,496
P215,2024-07-01,30
P216,2024-07-01,704
P217,2024-07-01,38
P218,2024-07-01,244
P219,2024-07-01,265
P220,2024-07-01,519
P221,2024-07-01,131
P222,2024-07-01,240
P223,2024-07-01,141
P224,2024-07-01,245
P225,2024-07-01,6
P226,2024-07-01,244
P227,2024-07-01,19
P228,2024-07-01,95
P229,2024-07-01,66
P230,2024-07-01,251
P231,2024-07-01,140
P232,2024-07-01,120
P233,2024-07-01,158
P234,2024-07-01,136
P235,2024-07-01,445
P236,2024-07-01,159
P237,2024-07-01,341
P238,2024-07-01,460
P239,2024-07-01,1813
P240,2024-07-01,14
P241,2024-07-01,26
P242,2024-07-01,425
P243,2024-07-01,352
P244,2024-07-01,197
P245,2024-07-01,81
P246,2024-07-01,116
P247,2024-07-01,304
P248,2024-07-01,1017
P249,2024-07-01,677
P250,2024-07-01,60
P001,2024-08-01,89
P002,2024-08-01,129
P003,2024-08-01,326
P004,2024-08-01,443
P005,2024-08-01,151
P006,2024-08-01,202
P007,2024-08-01,219
P008,2024-08-01,1538
P009,2024-08-01,98
P010,2024-08-01,289
P011,2024-08-01,94
P012,2024-08-01,671
P013,2024-08-01,1177
P014,2024-08-01,32
P015,2024-08-01,365
P016,2024-08-01,93
P017,2024-08-01,198
P018,2024-08-01,149
P019,2024-08-01,41
P020,2024-08-01,1120
P021,2024-08-01,215
P022,2024-08-01,211
P023,2024-08-01,185
P024,2024-08-01,184
P025,2024-08-01,423
P026,2024-08-01,759
P027,2024-08-01,26
P028,2024-08-01,52
P029,2024-08-01,100
P030,2024-08-01,525
P031,2024-08-01,2
P032,2024-08-01,138
P033,2024-08-01,447
P034,2024-08-01,460
P035,2024-08-01,122
P036,2024-08-01,126
P037,2024-08-01,353
P038,2024-08-01,352
P039,2024-08-01,443
P040,2024-08-01,626
P041,2024-08-01,165
P042,2024-08-01,0
P043,2024-08-01,475
P044,2024-08-01,587
P045,2024-08-01,130
P046,2024-08-01,156
P047,2024-08-01,304
P048,2024-08-01,158
P049,2024-08-01,554
P050,2024-08-01,79
P051,2024-08-01,42
P052,2024-08-01,26
P053,2024-08-01,271
P054,2024-08-01,168
P055,2024-08-01,226
P056,2024-08-01,2453
P057,2024-08-01,0
P058,2024-08-01,464
P059,2024-08-01,322
P060,2024-08-01,409
P061,2024-08-01,66
P062,2024-08-01,279
P063,2024-08-01,251
P064,2024-08-01,79
P065,2024-08-01,639
P066,2024-08-01,576
P067,2024-08-01,368
P068,2024-08-01,188
P069,2024-08-01,386
P070,2024-08-01,142
P071,2024-08-01,647
P072,2024-08-01,401
P073,2024-08-01,0
P074,2024-08-01,50
P075,2024-08-01,190
P076,2024-08-01,279
P077,2024-08-01,183
P078,2024-08-01,46
P079,2024-08-01,125
P080,2024-08-01,296
P081,2024-08-01,2
P082,2024-08-01,120
P083,2024-08-01,82
P084,2024-08-01,1106
P085,2024-08-01,544
P086,2024-08-01,1038
P087,2024-08-01,932
P088,2024-08-01,128
P089,2024-08-01,115
P090,2024-08-01,224
P091,2024-08-01,12
P092,2024-08-01,217
P093,2024-08-01,139
P094,2024-08-01,338
P095,2024-08-01,269
P096,2024-08-01,276
P097,2024-08-01,12
P098,2024-08-01,177
P099,2024-08-01,631
P100,2024-08-01,239
P101,2024-08-01,183
P102,2024-08-01,0
P103,2024-08-01,668
P104,2024-08-01,585
P105,2024-08-01,35
P106,2024-08-01,381
P107,2024-08-01,123
P108,2024-08-01,153
P109,2024-08-01,0
P110,2024-08-01,238
P111,2024-08-01,1009
P112,2024-08-01,429
P113,2024-08-01,31
P114,2024-08-01,335
P115,2024-08-01,280
P116,2024-08-01,225
P117,2024-08-01,353
P118,2024-08-01,261
P119,2024-08-01,201
P120,2024-08-01,144
P121,2024-08-01,472
P122,2024-08-01,151
P123,2024-08-01,176
P124,2024-08-01,385
P125,2024-08-01,253
P126,2024-08-01,222
P127,2024-08-01,435
P128,2024-08-01,717
P129,2024-08-01,488
P130,2024-08-01,10
P131,2024-08-01,592
P132,2024-08-01,149
P133,2024-08-01,590
P134,2024-08-01,482
P135,2024-08-01,435
P136,2024-08-01,157
P137,2024-08-01,470
P138,2024-08-01,116
P139,2024-08-01,153
P140,2024-08-01,113
P141,2024-08-01,212
P142,2024-08-01,77
P143,2024-08-01,106
P144,2024-08-01,563
P145,2024-08-01,147
P146,2024-08-01,205
P147,2024-08-01,334
P148,2024-08-01,299
P149,2024-08-01,295
P150,2024-08-01,0
P151,2024-08-01,199
P152,2024-08-01,171
P153,2024-08-01,93
P154,2024-08-01,6
P155,2024-08-01,0
P156,2024-08-01,260
P157,2024-08-01,0
P158,2024-08-01,175
P159,2024-08-01,113
P160,2024-08-01,276
P161,2024-08-01,106
P162,2024-08-01,223
P163,2024-08-01,0
P164,2024-08-01,668
P165,2024-08-01,65
P166,2024-08-01,226
P167,2024-08-01,354
P168,2024-08-01,379
P169,2024-08-01,196
P170,2024-08-01,551
P171,2024-08-01,598
P172,2024-08-01,144
P173,2024-08-01,727
P174,2024-08-01,437
P175,2024-08-01,141
P176,2024-08-01,547
P177,2024-08-01,743
P178,2024-08-01,266
P179,2024-08-01,240
P180,2024-08-01,156
P181,2024-08-01,521
P182,2024-08-01,276
P183,2024-08-01,208
P184,2024-08-01,195
P185,2024-08-01,273
P186,2024-08-01,83
P187,2024-08-01,139
P188,2024-08-01,439
P189,2024-08-01,583
P190,2024-08-01,174
P191,2024-08-01,172
P192,2024-08-01,322
P193,2024-08-01,106
P194,2024-08-01,0
P195,2024-08-01,18
P196,2024-08-01,284
P197,2024-08-01,1389
P198,2024-08-01,84
P199,2024-08-01,689
P200,2024-08-01,131
P201,2024-08-01,260
P202,2024-08-01,269
P203,2024-08-01,307
P204,2024-08-01,206
P205,2024-08-01,652
P206,2024-08-01,150
P207,2024-08-01,339
P208,2024-08-01,333
P209,2024-08-01,111
P210,2024-08-01,753
P211,2024-08-01,303
P212,2024-08-01,0
P213,2024-08-01,389
P214,2024-08-01,190
P215,2024-08-01,231
P216,2024-08-01,564
P217,2024-08-01,218
P218,2024-08-01,188
P219,2024-08-01,144
P220,2024-08-01,413
P221,2024-08-01,31
P222,2024-08-01,192
P223,2024-08-01,79
P224,2024-08-01,209
P225,2024-08-01,189
P226,2024-08-01,202
P227,2024-08-01,258
P228,2024-08-01,1688
P229,2024-08-01,23
P230,2024-08-01,203
P231,2024-08-01,107
P232,2024-08-01,15
P233,2024-08-01,123
P234,2024-08-01,76
P235,2024-08-01,300
P236,2024-08-01,124
P237,2024-08-01,262
P238,2024-08-01,375
P239,2024-08-01,1627
P240,2024-08-01,144
P241,2024-08-01,335
P242,2024-08-01,103
P243,2024-08-01,267
P244,2024-08-01,151
P245,2024-08-01,35
P246,2024-08-01,65
P247,2024-08-01,259
P248,2024-08-01,972
P249,2024-08-01,540
P250,2024-08-01,9
P001,2024-09-01,43
P002,2024-09-01,97
P003,2024-09-01,263
P004,2024-09-01,337
P005,2024-09-01,115
P006,2024-09-01,38
P007,2024-09-01,144
P008,2024-09-01,1444
P009,2024-09-01,1165
P010,2024-09-01,208
P011,2024-09-01,41
P012,2024-09-01,618
P013,2024-09-01,1130
P014,2024-09-01,190
P015,2024-09-01,241
P016,2024-09-01,4
P017,2024-09-01,145
P018,2024-09-01,117
P019,2024-09-01,284
P020,2024-09-01,941
P021,2024-09-01,162
P022,2024-09-01,176
P023,2024-09-01,133
P024,2024-09-01,131
P025,2024-09-01,341
P026,2024-09-01,574
P027,2024-09-01,352
P028,2024-09-01,523
P029,2024-09-01,71
P030,2024-09-01,349
P031,2024-09-01,480
P032,2024-09-01,105
P033,2024-09-01,331
P034,2024-09-01,272
P035,2024-09-01,25
P036,2024-09-01,99
P037,2024-09-01,189
P038,2024-09-01,242
P039,2024-09-01,343
P040,2024-09-01,555
P041,2024-09-01,96
P042,2024-09-01,816
P043,2024-09-01,361
P044,2024-09-01,339
P045,2024-09-01,98
P046,2024-09-01,62
P047,2024-09-01,162
P048,2024-09-01,87
P049,2024-09-01,474
P050,2024-09-01,38
P051,2024-09-01,9
P052,2024-09-01,454
P053,2024-09-01,225
P054,2024-09-01,70
P055,2024-09-01,144
P056,2024-09-01,2381
P057,2024-09-01,289
P058,2024-09-01,333
P059,2024-09-01,255
P060,2024-09-01,261
P061,2024-09-01,30
P062,2024-09-01,229
P063,2024-09-01,142
P064,2024-09-01,690
P065,2024-09-01,476
P066,2024-09-01,482
P067,2024-09-01,242
P068,2024-09-01,129
P069,2024-09-01,310
P070,2024-09-01,1254
P071,2024-09-01,547
P072,2024-09-01,268
P073,2024-09-01,486
P074,2024-09-01,262
P075,2024-09-01,140
P076,2024-09-01,166
P077,2024-09-01,152
P078,2024-09-01,30
P079,2024-09-01,89
P080,2024-09-01,76
P081,2024-09-01,194
P082,2024-09-01,21
P083,2024-09-01,1142
P084,2024-09-01,848
P085,2024-09-01,416
P086,2024-09-01,923
P087,2024-09-01,631
P088,2024-09-01,81
P089,2024-09-01,75
P090,2024-09-01,156
P091,2024-09-01,652
P092,2024-09-01,169
P093,2024-09-01,107
P094,2024-09-01,234
P095,2024-09-01,185
P096,2024-09-01,206
P097,2024-09-01,355
P098,2024-09-01,127
P099,2024-09-01,571
P100,2024-09-01,146
P101,2024-09-01,116
P102,2024-09-01,922
P103,2024-09-01,470
P104,2024-09-01,445
P105,2024-09-01,260
P106,2024-09-01,329
P107,2024-09-01,99
P108,2024-09-01,88
P109,2024-09-01,273
P110,2024-09-01,165
P111,2024-09-01,832
P112,2024-09-01,385
P113,2024-09-01,223
P114,2024-09-01,212
P115,2024-09-01,189
P116,2024-09-01,130
P117,2024-09-01,273
P118,2024-09-01,161
P119,2024-09-01,167
P120,2024-09-01,100
P121,2024-09-01,412
P122,2024-09-01,104
P123,2024-09-01,130
P124,2024-09-01,293
P125,2024-09-01,176
P126,2024-09-01,195
P127,2024-09-01,329
P128,2024-09-01,609
P129,2024-09-01,387
P130,2024-09-01,99
P131,2024-09-01,477
P132,2024-09-01,94
P133,2024-09-01,445
P134,2024-09-01,316
P135,2024-09-01,295
P136,2024-09-01,78
P137,2024-09-01,387
P138,2024-09-01,3
P139,2024-09-01,109
P140,2024-09-01,74
P141,2024-09-01,161
P142,2024-09-01,907
P143,2024-09-01,11
P144,2024-09-01,414
P145,2024-09-01,118
P146,2024-09-01,164
P147,2024-09-01,263
P148,2024-09-01,217
P149,2024-09-01,216
P150,2024-09-01,612
P151,2024-09-01,147
P152,2024-09-01,132
P153,2024-09-01,1203
P154,2024-09-01,123
P155,2024-09-01,961
P156,2024-09-01,203
P157,2024-09-01,1112
P158,2024-09-01,107
P159,2024-09-01,50
P160,2024-09-01,201
P161,2024-09-01,85
P162,2024-09-01,163
P163,2024-09-01,2978
P164,2024-09-01,501
P165,2024-09-01,11
P166,2024-09-01,123
P167,2024-09-01,297
P168,2024-09-01,284
P169,2024-09-01,123
P170,2024-09-01,454
P171,2024-09-01,415
P172,2024-09-01,58
P173,2024-09-01,599
P174,2024-09-01,232
P175,2024-09-01,79
P176,2024-09-01,421
P177,2024-09-01,669
P178,2024-09-01,201
P179,2024-09-01,194
P180,2024-09-01,126
P181,2024-09-01,396
P182,2024-09-01,204
P183,2024-09-01,167
P184,2024-09-01,89
P185,2024-09-01,192
P186,2024-09-01,54
P187,2024-09-01,111
P188,2024-09-01,271
P189,2024-09-01,303
P190,2024-09-01,94
P191,2024-09-01,90
P192,2024-09-01,166
P193,2024-09-01,51
P194,2024-09-01,588
P195,2024-09-01,301
P196,2024-09-01,258
P197,2024-09-01,1143
P198,2024-09-01,44
P199,2024-09-01,566
P200,2024-09-01,81
P201,2024-09-01,170
P202,2024-09-01,208
P203,2024-09-01,172
P204,2024-09-01,116
P205,2024-09-01,427
P206,2024-09-01,118
P207,2024-09-01,261
P208,2024-09-01,255
P209,2024-09-01,49
P210,2024-09-01,507
P211,2024-09-01,208
P212,2024-09-01,305
P213,2024-09-01,299
P214,2024-09-01,133
P215,2024-09-01,172
P216,2024-09-01,469
P217,2024-09-01,180
P218,2024-09-01,135
P219,2024-09-01,69
P220,2024-09-01,332
P221,2024-09-01,668
P222,2024-09-01,135
P223,2024-09-01,16
P224,2024-09-01,171
P225,2024-09-01,139
P226,2024-09-01,166
P227,2024-09-01,185
P228,2024-09-01,1460
P229,2024-09-01,259
P230,2024-09-01,138
P231,2024-09-01,72
P232,2024-09-01,446
P233,2024-09-01,92
P234,2024-09-01,30
P235,2024-09-01,160
P236,2024-09-01,90
P237,2024-09-01,184
P238,2024-09-01,277
P239,2024-09-01,1461
P240,2024-09-01,102
P241,2024-09-01,288
P242,2024-09-01,2553
P243,2024-09-01,203
P244,2024-09-01,97
P245,2024-09-01,335
P246,2024-09-01,28
P247,2024-09-01,198
P248,2024-09-01,851
P249,2024-09-01,387
P250,2024-09-01,153
P001,2024-10-01,366
P002,2024-10-01,56
P003,2024-10-01,181
P004,2024-10-01,194
P005,2024-10-01,84
P006,2024-10-01,353
P007,2024-10-01,83
P008,2024-10-01,1346
P009,2024-10-01,1077
P010,2024-10-01,133
P011,2024-10-01,336
P012,2024-10-01,540
P013,2024-10-01,1038
P014,2024-10-01,158
P015,2024-10-01,145
P016,2024-10-01,539
P017,2024-10-01,89
P018,2024-10-01,89
P019,2024-10-01,246
P020,2024-10-01,744
P021,2024-10-01,112
P022,2024-10-01,146
P023,2024-10-01,69
P024,2024-10-01,95
P025,2024-10-01,279
P026,2024-10-01,362
P027,2024-10-01,291
P028,2024-10-01,445
P029,2024-10-01,34
P030,2024-10-01,190
P031,2024-10-01,388
P032,2024-10-01,74
P033,2024-10-01,226
P034,2024-10-01,139
P035,2024-10-01,622
P036,2024-10-01,70
P037,2024-10-01,747
P038,2024-10-01,183
P039,2024-10-01,213
P040,2024-10-01,503
P041,2024-10-01,35
P042,2024-10-01,738
P043,2024-10-01,194
P044,2024-10-01,281
P045,2024-10-01,64
P046,2024-10-01,508
P047,2024-10-01,852
P048,2024-10-01,20
P049,2024-10-01,408
P050,2024-10-01,7
P051,2024-10-01,215
P052,2024-10-01,410
P053,2024-10-01,174
P054,2024-10-01,0
P055,2024-10-01,69
P056,2024-10-01,2161
P057,2024-10-01,238
P058,2024-10-01,215
P059,2024-10-01,190
P060,2024-10-01,78
P061,2024-10-01,334
P062,2024-10-01,168
P063,2024-10-01,1184
P064,2024-10-01,606
P065,2024-10-01,365
P066,2024-10-01,109
P067,2024-10-01,123
P068,2024-10-01,0
P069,2024-10-01,242
P070,2024-10-01,1103
P071,2024-10-01,442
P072,2024-10-01,163
P073,2024-10-01,436
P074,2024-10-01,221
P075,2024-10-01,87
P076,2024-10-01,79
P077,2024-10-01,128
P078,2024-10-01,56
P079,2024-10-01,59
P080,2024-10-01,23
P081,2024-10-01,153
P082,2024-10-01,898
P083,2024-10-01,1025
P084,2024-10-01,634
P085,2024-10-01,303
P086,2024-10-01,793
P087,2024-10-01,390
P088,2024-10-01,35
P089,2024-10-01,56
P090,2024-10-01,103
P091,2024-10-01,486
P092,2024-10-01,82
P093,2024-10-01,67
P094,2024-10-01,146
P095,2024-10-01,61
P096,2024-10-01,135
P097,2024-10-01,281
P098,2024-10-01,68
P099,2024-10-01,494
P100,2024-10-01,46
P101,2024-10-01,77
P102,2024-10-01,785
P103,2024-10-01,322
P104,2024-10-01,290
P105,2024-10-01,228
P106,2024-10-01,285
P107,2024-10-01,73
P108,2024-10-01,27
P109,2024-10-01,196
P110,2024-10-01,117
P111,2024-10-01,620
P112,2024-10-01,334
P113,2024-10-01,182
P114,2024-10-01,121
P115,2024-10-01,117
P116,2024-10-01,530
P117,2024-10-01,193
P118,2024-10-01,93
P119,2024-10-01,137
P120,2024-10-01,39
P121,2024-10-01,343
P122,2024-10-01,38
P123,2024-10-01,70
P124,2024-10-01,202
P125,2024-10-01,48
P126,2024-10-01,150
P127,2024-10-01,329
P128,2024-10-01,526
P129,2024-10-01,278
P130,2024-10-01,71
P131,2024-10-01,379
P132,2024-10-01,19
P133,2024-10-01,332
P134,2024-10-01,151
P135,2024-10-01,128
P136,2024-10-01,488
P137,2024-10-01,310
P138,2024-10-01,766
P139,2024-10-01,65
P140,2024-10-01,46
P141,2024-10-01,112
P142,2024-10-01,758
P143,2024-10-01,395
P144,2024-10-01,245
P145,2024-10-01,82
P146,2024-10-01,134
P147,2024-10-01,209
P148,2024-10-01,95
P149,2024-10-01,139
P150,2024-10-01,595
P151,2024-10-01,78
P152,2024-10-01,109
P153,2024-10-01,1039
P154,2024-10-01,66
P155,2024-10-01,919
P156,2024-10-01,146
P157,2024-10-01,980
P158,2024-10-01,35
P159,2024-10-01,624
P160,2024-10-01,137
P161,2024-10-01,59
P162,2024-10-01,94
P163,2024-10-01,2905
P164,2024-10-01,360
P165,2024-10-01,360
P166,2024-10-01,59
P167,2024-10-01,209
P168,2024-10-01,189
P169,2024-10-01,52
P170,2024-10-01,374
P171,2024-10-01,246
P172,2024-10-01,669
P173,2024-10-01,477
P174,2024-10-01,95
P175,2024-10-01,24
P176,2024-10-01,222
P177,2024-10-01,431
P178,2024-10-01,154
P179,2024-10-01,141
P180,2024-10-01,92
P181,2024-10-01,247
P182,2024-10-01,133
P183,2024-10-01,125
P184,2024-10-01,811
P185,2024-10-01,117
P186,2024-10-01,21
P187,2024-10-01,0
P188,2024-10-01,85
P189,2024-10-01,55
P190,2024-10-01,584
P191,2024-10-01,691
P192,2024-10-01,1176
P193,2024-10-01,277
P194,2024-10-01,519
P195,2024-10-01,248
P196,2024-10-01,213
P197,2024-10-01,1084
P198,2024-10-01,13
P199,2024-10-01,458
P200,2024-10-01,46
P201,2024-10-01,93
P202,2024-10-01,130
P203,2024-10-01,60
P204,2024-10-01,29
P205,2024-10-01,73
P206,2024-10-01,81
P207,2024-10-01,181
P208,2024-10-01,196
P209,2024-10-01,581
P210,2024-10-01,268
P211,2024-10-01,97
P212,2024-10-01,273
P213,2024-10-01,200
P214,2024-10-01,37
P215,2024-10-01,126
P216,2024-10-01,341
P217,2024-10-01,118
P218,2024-10-01,92
P219,2024-10-01,18
P220,2024-10-01,218
P221,2024-10-01,543
P222,2024-10-01,67
P223,2024-10-01,393
P224,2024-10-01,134
P225,2024-10-01,103
P226,2024-10-01,124
P227,2024-10-01,128
P228,2024-10-01,1258
P229,2024-10-01,210
P230,2024-10-01,86
P231,2024-10-01,44
P232,2024-10-01,354
P233,2024-10-01,63
P234,2024-10-01,241
P235,2024-10-01,900
P236,2024-10-01,54
P237,2024-10-01,114
P238,2024-10-01,192
P239,2024-10-01,1355
P240,2024-10-01,62
P241,2024-10-01,235
P242,2024-10-01,2349
P243,2024-10-01,128
P244,2024-10-01,57
P245,2024-10-01,281
P246,2024-10-01,324
P247,2024-10-01,153
P248,2024-10-01,731
P249,2024-10-01,295
P250,2024-10-01,111
P001,2024-11-01,303
P002,2024-11-01,31
P003,2024-11-01,105
P004,2024-11-01,78
P005,2024-11-01,48
P006,2024-11-01,286
P007,2024-11-01,0
P008,2024-11-01,1294
P009,2024-11-01,989
P010,2024-11-01,67
P011,2024-11-01,270
P012,2024-11-01,444
P013,2024-11-01,1006
P014,2024-11-01,124
P015,2024-11-01,43
P016,2024-11-01,466
P017,2024-11-01,44
P018,2024-11-01,56
P019,2024-11-01,217
P020,2024-11-01,570
P021,2024-11-01,63
P022,2024-11-01,103
P023,2024-11-01,24
P024,2024-11-01,47
P025,2024-11-01,202
P026,2024-11-01,188
P027,2024-11-01,262
P028,2024-11-01,374
P029,2024-11-01,301
P030,2024-11-01,29
P031,2024-11-01,202
P032,2024-11-01,32
P033,2024-11-01,50
P034,2024-11-01,863
P035,2024-11-01,541
P036,2024-11-01,28
P037,2024-11-01,515
P038,2024-11-01,83
P039,2024-11-01,76
P040,2024-11-01,392
P041,2024-11-01,336
P042,2024-11-01,649
P043,2024-11-01,47
P044,2024-11-01,233
P045,2024-11-01,28
P046,2024-11-01,443
P047,2024-11-01,733
P048,2024-11-01,225
P049,2024-11-01,336
P050,2024-11-01,195
P051,2024-11-01,181
P052,2024-11-01,362
P053,2024-11-01,123
P054,2024-11-01,678
P055,2024-11-01,609
P056,2024-11-01,2009
P057,2024-11-01,179
P058,2024-11-01,139
P059,2024-11-01,136
P060,2024-11-01,876
P061,2024-11-01,288
P062,2024-11-01,129
P063,2024-11-01,1058
P064,2024-11-01,535
P065,2024-11-01,256
P066,2024-11-01,1063
P067,2024-11-01,480
P068,2024-11-01,1079
P069,2024-11-01,161
P070,2024-11-01,956
P071,2024-11-01,339
P072,2024-11-01,1
P073,2024-11-01,395
P074,2024-11-01,180
P075,2024-11-01,40
P076,2024-11-01,861
P077,2024-11-01,101
P078,2024-11-01,29
P079,2024-11-01,11
P080,2024-11-01,589
P081,2024-11-01,127
P082,2024-11-01,682
P083,2024-11-01,921
P084,2024-11-01,405
P085,2024-11-01,207
P086,2024-11-01,672
P087,2024-11-01,111
P088,2024-11-01,252
P089,2024-11-01,30
P090,2024-11-01,34
P091,2024-11-01,418
P092,2024-11-01,0
P093,2024-11-01,25
P094,2024-11-01,40
P095,2024-11-01,440
P096,2024-11-01,69
P097,2024-11-01,208
P098,2024-11-01,379
P099,2024-11-01,451
P100,2024-11-01,286
P101,2024-11-01,22
P102,2024-11-01,738
P103,2024-11-01,157
P104,2024-11-01,169
P105,2024-11-01,198
P106,2024-11-01,246
P107,2024-11-01,43
P108,2024-11-01,431
P109,2024-11-01,109
P110,2024-11-01,59
P111,2024-11-01,383
P112,2024-11-01,292
P113,2024-11-01,148
P114,2024-11-01,835
P115,2024-11-01,32
P116,2024-11-01,451
P117,2024-11-01,109
P118,2024-11-01,573
P119,2024-11-01,106
P120,2024-11-01,190
P121,2024-11-01,281
P122,2024-11-01,450
P123,2024-11-01,258
P124,2024-11-01,133
P125,2024-11-01,719
P126,2024-11-01,111
P127,2024-11-01,252
P128,2024-11-01,431
P129,2024-11-01,147
P130,2024-11-01,44
P131,2024-11-01,282
P132,2024-11-01,656
P133,2024-11-01,179
P134,2024-11-01,1397
P135,2024-11-01,913
P136,2024-11-01,430
P137,2024-11-01,234
P138,2024-11-01,615
P139,2024-11-01,34
P140,2024-11-01,9
P141,2024-11-01,46
P142,2024-11-01,621
P143,2024-11-01,366
P144,2024-11-01,74
P145,2024-11-01,51
P146,2024-11-01,108
P147,2024-11-01,145
P148,2024-11-01,907
P149,2024-11-01,73
P150,2024-11-01,520
P151,2024-11-01,4
P152,2024-11-01,80
P153,2024-11-01,875
P154,2024-11-01,11
P155,2024-11-01,722
P156,2024-11-01,72
P157,2024-11-01,853
P158,2024-11-01,213
P159,2024-11-01,546
P160,2024-11-01,67
P161,2024-11-01,28
P162,2024-11-01,342
P163,2024-11-01,2774
P164,2024-11-01,236
P165,2024-11-01,328
P166,2024-11-01,555
P167,2024-11-01,124
P168,2024-11-01,65
P169,2024-11-01,538
P170,2024-11-01,327
P171,2024-11-01,102
P172,2024-11-01,600
P173,2024-11-01,161
P174,2024-11-01,0
P175,2024-11-01,453
P176,2024-11-01,146
P177,2024-11-01,207
P178,2024-11-01,78
P179,2024-11-01,80
P180,2024-11-01,50
P181,2024-11-01,133
P182,2024-11-01,36
P183,2024-11-01,75
P184,2024-11-01,728
P185,2024-11-01,45
P186,2024-11-01,199
P187,2024-11-01,685
P188,2024-11-01,1108
P189,2024-11-01,1756
P190,2024-11-01,514
P191,2024-11-01,613
P192,2024-11-01,1055
P193,2024-11-01,212
P194,2024-11-01,427
P195,2024-11-01,190
P196,2024-11-01,176
P197,2024-11-01,696
P198,2024-11-01,146
P199,2024-11-01,352
P200,2024-11-01,339
P201,2024-11-01,550
P202,2024-11-01,65
P203,2024-11-01,486
P204,2024-11-01,531
P205,2024-11-01,1243
P206,2024-11-01,39
P207,2024-11-01,78
P208,2024-11-01,149
P209,2024-11-01,511
P210,2024-11-01,0
P211,2024-11-01,656
P212,2024-11-01,241
P213,2024-11-01,100
P214,2024-11-01,651
P215,2024-11-01,79
P216,2024-11-01,231
P217,2024-11-01,61
P218,2024-11-01,32
P219,2024-11-01,452
P220,2024-11-01,122
P221,2024-11-01,463
P222,2024-11-01,344
P223,2024-11-01,336
P224,2024-11-01,106
P225,2024-11-01,73
P226,2024-11-01,86
P227,2024-11-01,50
P228,2024-11-01,1037
P229,2024-11-01,159
P230,2024-11-01,25
P231,2024-11-01,22
P232,2024-11-01,271
P233,2024-11-01,41
P234,2024-11-01,199
P235,2024-11-01,731
P236,2024-11-01,27
P237,2024-11-01,24
P238,2024-11-01,65
P239,2024-11-01,1191
P240,2024-11-01,25
P241,2024-11-01,184
P242,2024-11-01,2121
P243,2024-11-01,86
P244,2024-11-01,377
P245,2024-11-01,237
P246,2024-11-01,287
P247,2024-11-01,0
P248,2024-11-01,645
P249,2024-11-01,196
P250,2024-11-01,73
P001,2024-12-01,256
P002,2024-12-01,2
P003,2024-12-01,33
P004,2024-12-01,682
P005,2024-12-01,19
P006,2024-12-01,210
P007,2024-12-01,530
P008,2024-12-01,1173
P009,2024-12-01,917
P010,2024-12-01,295
P011,2024-12-01,233
P012,2024-12-01,341
P013,2024-12-01,914
P014,2024-12-01,91
P015,2024-12-01,808
P016,2024-12-01,398
P017,2024-12-01,198
P018,2024-12-01,27
P019,2024-12-01,186
P020,2024-12-01,385
P021,2024-12-01,13
P022,2024-12-01,65
P023,2024-12-01,197
P024,2024-12-01,184
P025,2024-12-01,136
P026,2024-12-01,35
P027,2024-12-01,214
P028,2024-12-01,299
P029,2024-12-01,271
P030,2024-12-01,690
P031,2024-12-01,0
P032,2024-12-01,139
P033,2024-12-01,983
P034,2024-12-01,738
P035,2024-12-01,464
P036,2024-12-01,127
P037,2024-12-01,380
P038,2024-12-01,0
P039,2024-12-01,941
P040,2024-12-01,339
P041,2024-12-01,273
P042,2024-12-01,559
P043,2024-12-01,1058
P044,2024-12-01,119
P045,2024-12-01,197
P046,2024-12-01,360
P047,2024-12-01,361
P048,2024-12-01,169
P049,2024-12-01,265
P050,2024-12-01,154
P051,2024-12-01,151
P052,2024-12-01,325
P053,2024-12-01,73
P054,2024-12-01,588
P055,2024-12-01,549
P056,2024-12-01,1838
P057,2024-12-01,109
P058,2024-12-01,449
P059,2024-12-01,40
P060,2024-12-01,727
P061,2024-12-01,252
P062,2024-12-01,79
P063,2024-12-01,934
P064,2024-12-01,468
P065,2024-12-01,119
P066,2024-12-01,972
P067,2024-12-01,377
P068,2024-12-01,970
P069,2024-12-01,50
P070,2024-12-01,753
P071,2024-12-01,237
P072,2024-12-01,640
P073,2024-12-01,34
P074,2024-12-01,130
P075,2024-12-01,197
P076,2024-12-01,761
P077,2024-12-01,59
P078,2024-12-01,100
P079,2024-12-01,270
P080,2024-12-01,535
P081,2024-12-01,89
P082,2024-12-01,419
P083,2024-12-01,821
P084,2024-12-01,191
P085,2024-12-01,91
P086,2024-12-01,534
P087,2024-12-01,925
P088,2024-12-01,204
P089,2024-12-01,117
P090,2024-12-01,291
P091,2024-12-01,358
P092,2024-12-01,519
P093,2024-12-01,216
P094,2024-12-01,347
P095,2024-12-01,331
P096,2024-12-01,284
P097,2024-12-01,145
P098,2024-12-01,317
P099,2024-12-01,384
P100,2024-12-01,263
P101,2024-12-01,414
P102,2024-12-01,647
P103,2024-12-01,0
P104,2024-12-01,715
P105,2024-12-01,162
P106,2024-12-01,202
P107,2024-12-01,17
P108,2024-12-01,387
P109,2024-12-01,54
P110,2024-12-01,233
P111,2024-12-01,158
P112,2024-12-01,243
P113,2024-12-01,109
P114,2024-12-01,762
P115,2024-12-01,459
P116,2024-12-01,380
P117,2024-12-01,45
P118,2024-12-01,479
P119,2024-12-01,80
P120,2024-12-01,138
P121,2024-12-01,190
P122,2024-12-01,382
P123,2024-12-01,181
P124,2024-12-01,64
P125,2024-12-01,591
P126,2024-12-01,58
P127,2024-12-01,90
P128,2024-12-01,320
P129,2024-12-01,46
P130,2024-12-01,15
P131,2024-12-01,188
P132,2024-12-01,554
P133,2024-12-01,44
P134,2024-12-01,1149
P135,2024-12-01,656
P136,2024-12-01,358
P137,2024-12-01,164
P138,2024-12-01,550
P139,2024-12-01,160
P140,2024-12-01,116
P141,2024-12-01,225
P142,2024-12-01,482
P143,2024-12-01,314
P144,2024-12-01,1235
P145,2024-12-01,15
P146,2024-12-01,88
P147,2024-12-01,83
P148,2024-12-01,790
P149,2024-12-01,10
P150,2024-12-01,364
P151,2024-12-01,332
P152,2024-12-01,54
P153,2024-12-01,701
P154,2024-12-01,185
P155,2024-12-01,623
P156,2024-12-01,312
P157,2024-12-01,755
P158,2024-12-01,133
P159,2024-12-01,466
P160,2024-12-01,544
P161,2024-12-01,155
P162,2024-12-01,292
P163,2024-12-01,2538
P164,2024-12-01,136
P165,2024-12-01,286
P166,2024-12-01,484
P167,2024-12-01,14
P168,2024-12-01,589
P169,2024-12-01,474
P170,2024-12-01,266
P171,2024-12-01,617
P172,2024-12-01,526
P173,2024-12-01,1113
P174,2024-12-01,430
P175,2024-12-01,386
P176,2024-12-01,89
P177,2024-12-01,1047
P178,2024-12-01,267
P179,2024-12-01,20
P180,2024-12-01,20
P181,2024-12-01,18
P182,2024-12-01,440
P183,2024-12-01,32
P184,2024-12-01,665
P185,2024-12-01,412
P186,2024-12-01,174
P187,2024-12-01,642
P188,2024-12-01,944
P189,2024-12-01,1389
P190,2024-12-01,428
P191,2024-12-01,543
P192,2024-12-01,855
P193,2024-12-01,134
P194,2024-12-01,350
P195,2024-12-01,136
P196,2024-12-01,149
P197,2024-12-01,645
P198,2024-12-01,103
P199,2024-12-01,238
P200,2024-12-01,295
P201,2024-12-01,482
P202,2024-12-01,11
P203,2024-12-01,374
P204,2024-12-01,453
P205,2024-12-01,1020
P206,2024-12-01,194
P207,2024-12-01,547
P208,2024-12-01,82
P209,2024-12-01,432
P210,2024-12-01,948
P211,2024-12-01,567
P212,2024-12-01,205
P213,2024-12-01,476
P214,2024-12-01,546
P215,2024-12-01,37
P216,2024-12-01,107
P217,2024-12-01,0
P218,2024-12-01,388
P219,2024-12-01,363
P220,2024-12-01,20
P221,2024-12-01,367
P222,2024-12-01,257
P223,2024-12-01,274
P224,2024-12-01,58
P225,2024-12-01,0
P226,2024-12-01,42
P227,2024-12-01,283
P228,2024-12-01,822
P229,2024-12-01,119
P230,2024-12-01,220
P231,2024-12-01,166
P232,2024-12-01,202
P233,2024-12-01,14
P234,2024-12-01,148
P235,2024-12-01,621
P236,2024-12-01,0
P237,2024-12-01,279
P238,2024-12-01,749
P239,2024-12-01,985
P240,2024-12-01,139
P241,2024-12-01,134
P242,2024-12-01,1977
P243,2024-12-01,12
P244,2024-12-01,329
P245,2024-12-01,198
P246,2024-12-01,264
P247,2024-12-01,721
P248,2024-12-01,519
P249,2024-12-01,102
P250,2024-12-01,32
