ProductID,date,quantity_sales
P001,2023-01-01,56
P002,2023-01-01,34
P003,2023-01-01,67
P004,2023-01-01,98
P005,2023-01-01,35
P006,2023-01-01,27
P007,2023-01-01,91
P008,2023-01-01,143
P009,2023-01-01,70
P010,2023-01-01,81
P011,2023-01-01,63
P012,2023-01-01,84
P013,2023-01-01,125
P014,2023-01-01,23
P015,2023-01-01,102
P016,2023-01-01,55
P017,2023-01-01,43
P018,2023-01-01,29
P019,2023-01-01,25
P020,2023-01-01,137
P021,2023-01-01,53
P022,2023-01-01,26
P023,2023-01-01,51
P024,2023-01-01,49
P025,2023-01-01,72
P026,2023-01-01,151
P027,2023-01-01,44
P028,2023-01-01,93
P029,2023-01-01,35
P030,2023-01-01,159
P031,2023-01-01,79
P032,2023-01-01,40
P033,2023-01-01,112
P034,2023-01-01,137
P035,2023-01-01,61
P036,2023-01-01,27
P037,2023-01-01,217
P038,2023-01-01,157
P039,2023-01-01,174
P040,2023-01-01,62
P041,2023-01-01,59
P042,2023-01-01,131
P043,2023-01-01,105
P044,2023-01-01,81
P045,2023-01-01,39
P046,2023-01-01,66
P047,2023-01-01,277
P048,2023-01-01,22
P049,2023-01-01,67
P050,2023-01-01,30
P051,2023-01-01,27
P052,2023-01-01,48
P053,2023-01-01,49
P054,2023-01-01,85
P055,2023-01-01,51
P056,2023-01-01,415
P057,2023-01-01,67
P058,2023-01-01,94
P059,2023-01-01,87
P060,2023-01-01,183
P061,2023-01-01,24
P062,2023-01-01,45
P063,2023-01-01,115
P064,2023-01-01,70
P065,2023-01-01,104
P066,2023-01-01,99
P067,2023-01-01,131
P068,2023-01-01,164
P069,2023-01-01,82
P070,2023-01-01,162
P071,2023-01-01,135
P072,2023-01-01,121
P073,2023-01-01,72
P074,2023-01-01,57
P075,2023-01-01,42
P076,2023-01-01,114
P077,2023-01-01,31
P078,2023-01-01,45
P079,2023-01-01,49
P080,2023-01-01,58
P081,2023-01-01,27
P082,2023-01-01,142
P083,2023-01-01,90
P084,2023-01-01,340
P085,2023-01-01,139
P086,2023-01-01,95
P087,2023-01-01,252
P088,2023-01-01,63
P089,2023-01-01,29
P090,2023-01-01,65
P091,2023-01-01,65
P092,2023-01-01,95
P093,2023-01-01,37
P094,2023-01-01,102
P095,2023-01-01,79
P096,2023-01-01,68
P097,2023-01-01,68
P098,2023-01-01,78
P099,2023-01-01,98
P100,2023-01-01,61
P101,2023-01-01,63
P102,2023-01-01,93
P103,2023-01-01,107
P104,2023-01-01,113
P105,2023-01-01,43
P106,2023-01-01,44
P107,2023-01-01,33
P108,2023-01-01,79
P109,2023-01-01,83
P110,2023-01-01,42
P111,2023-01-01,199
P112,2023-01-01,47
P113,2023-01-01,36
P114,2023-01-01,81
P115,2023-01-01,59
P116,2023-01-01,78
P117,2023-01-01,82
P118,2023-01-01,67
P119,2023-01-01,30
P120,2023-01-01,53
P121,2023-01-01,299
P122,2023-01-01,73
P123,2023-01-01,44
P124,2023-01-01,83
P125,2023-01-01,94
P126,2023-01-01,42
P127,2023-01-01,168
P128,2023-01-01,114
P129,2023-01-01,80
P130,2023-01-01,31
P131,2023-01-01,88
P132,2023-01-01,236
P133,2023-01-01,111
P134,2023-01-01,185
P135,2023-01-01,265
P136,2023-01-01,70
P137,2023-01-01,62
P138,2023-01-01,106
P139,2023-01-01,27
P140,2023-01-01,31
P141,2023-01-01,53
P142,2023-01-01,135
P143,2023-01-01,63
P144,2023-01-01,159
P145,2023-01-01,31
P146,2023-01-01,35
P147,2023-01-01,63
P148,2023-01-01,106
P149,2023-01-01,63
P150,2023-01-01,6
P151,2023-01-01,65
P152,2023-01-01,31
P153,2023-01-01,76
P154,2023-01-01,57
P155,2023-01-01,129
P156,2023-01-01,72
P157,2023-01-01,130
P158,2023-01-01,125
P159,2023-01-01,68
P160,2023-01-01,78
P161,2023-01-01,33
P162,2023-01-01,82
P163,2023-01-01,91
P164,2023-01-01,118
P165,2023-01-01,38
P166,2023-01-01,65
P167,2023-01-01,73
P168,2023-01-01,154
P169,2023-01-01,87
P170,2023-01-01,44
P171,2023-01-01,104
P172,2023-01-01,79
P173,2023-01-01,94
P174,2023-01-01,141
P175,2023-01-01,71
P176,2023-01-01,61
P177,2023-01-01,266
P178,2023-01-01,66
P179,2023-01-01,41
P180,2023-01-01,38
P181,2023-01-01,106
P182,2023-01-01,68
P183,2023-01-01,47
P184,2023-01-01,94
P185,2023-01-01,71
P186,2023-01-01,30
P187,2023-01-01,90
P188,2023-01-01,123
P189,2023-01-01,324
P190,2023-01-01,47
P191,2023-01-01,77
P192,2023-01-01,152
P193,2023-01-01,91
P194,2023-01-01,81
P195,2023-01-01,52
P196,2023-01-01,33
P197,2023-01-01,345
P198,2023-01-01,34
P199,2023-01-01,103
P200,2023-01-01,46
P201,2023-01-01,70
P202,2023-01-01,80
P203,2023-01-01,151
P204,2023-01-01,78
P205,2023-01-01,200
P206,2023-01-01,35
P207,2023-01-01,102
P208,2023-01-01,79
P209,2023-01-01,71
P210,2023-01-01,120
P211,2023-01-01,88
P212,2023-01-01,30
P213,2023-01-01,100
P214,2023-01-01,77
P215,2023-01-01,54
P216,2023-01-01,99
P217,2023-01-01,38
P218,2023-01-01,71
P219,2023-01-01,77
P220,2023-01-01,120
P221,2023-01-01,118
P222,2023-01-01,68
P223,2023-01-01,41
P224,2023-01-01,51
P225,2023-01-01,89
P226,2023-01-01,48
P227,2023-01-01,58
P228,2023-01-01,218
P229,2023-01-01,55
P230,2023-01-01,47
P231,2023-01-01,23
P232,2023-01-01,56
P233,2023-01-01,30
P234,2023-01-01,37
P235,2023-01-01,168
P236,2023-01-01,27
P237,2023-01-01,90
P238,2023-01-01,141
P239,2023-01-01,142
P240,2023-01-01,33
P241,2023-01-01,44
P242,2023-01-01,205
P243,2023-01-01,86
P244,2023-01-01,46
P245,2023-01-01,40
P246,2023-01-01,66
P247,2023-01-01,56
P248,2023-01-01,124
P249,2023-01-01,124
P250,2023-01-01,30
P001,2023-02-01,47
P002,2023-02-01,29
P003,2023-02-01,62
P004,2023-02-01,111
P005,2023-02-01,31
P006,2023-02-01,35
P007,2023-02-01,101
P008,2023-02-01,233
P009,2023-02-01,89
P010,2023-02-01,86
P011,2023-02-01,67
P012,2023-02-01,70
P013,2023-02-01,158
P014,2023-02-01,30
P015,2023-02-01,122
P016,2023-02-01,65
P017,2023-02-01,47
P018,2023-02-01,34
P019,2023-02-01,35
P020,2023-02-01,169
P021,2023-02-01,51
P022,2023-02-01,39
P023,2023-02-01,50
P024,2023-02-01,49
P025,2023-02-01,75
P026,2023-02-01,169
P027,2023-02-01,33
P028,2023-02-01,83
P029,2023-02-01,28
P030,2023-02-01,150
P031,2023-02-01,75
P032,2023-02-01,33
P033,2023-02-01,94
P034,2023-02-01,122
P035,2023-02-01,82
P036,2023-02-01,32
P037,2023-02-01,584
P038,2023-02-01,41
P039,2023-02-01,181
P040,2023-02-01,202
P041,2023-02-01,40
P042,2023-02-01,24
P043,2023-02-01,144
P044,2023-02-01,62
P045,2023-02-01,52
P046,2023-02-01,85
P047,2023-02-01,311
P048,2023-02-01,140
P049,2023-02-01,81
P050,2023-02-01,31
P051,2023-02-01,40
P052,2023-02-01,51
P053,2023-02-01,68
P054,2023-02-01,65
P055,2023-02-01,89
P056,2023-02-01,454
P057,2023-02-01,79
P058,2023-02-01,119
P059,2023-02-01,87
P060,2023-02-01,140
P061,2023-02-01,35
P062,2023-02-01,44
P063,2023-02-01,117
P064,2023-02-01,62
P065,2023-02-01,104
P066,2023-02-01,126
P067,2023-02-01,121
P068,2023-02-01,280
P069,2023-02-01,90
P070,2023-02-01,176
P071,2023-02-01,144
P072,2023-02-01,149
P073,2023-02-01,101
P074,2023-02-01,50
P075,2023-02-01,47
P076,2023-02-01,111
P077,2023-02-01,32
P078,2023-02-01,72
P079,2023-02-01,34
P080,2023-02-01,48
P081,2023-02-01,43
P082,2023-02-01,171
P083,2023-02-01,120
P084,2023-02-01,84
P085,2023-02-01,194
P086,2023-02-01,99
P087,2023-02-01,228
P088,2023-02-01,49
P089,2023-02-01,32
P090,2023-02-01,46
P091,2023-02-01,115
P092,2023-02-01,103
P093,2023-02-01,35
P094,2023-02-01,85
P095,2023-02-01,98
P096,2023-02-01,59
P097,2023-02-01,60
P098,2023-02-01,74
P099,2023-02-01,356
P100,2023-02-01,58
P101,2023-02-01,47
P102,2023-02-01,268
P103,2023-02-01,108
P104,2023-02-01,123
P105,2023-02-01,36
P106,2023-02-01,48
P107,2023-02-01,40
P108,2023-02-01,39
P109,2023-02-01,104
P110,2023-02-01,56
P111,2023-02-01,135
P112,2023-02-01,66
P113,2023-02-01,35
P114,2023-02-01,69
P115,2023-02-01,73
P116,2023-02-01,92
P117,2023-02-01,79
P118,2023-02-01,83
P119,2023-02-01,23
P120,2023-02-01,55
P121,2023-02-01,37
P122,2023-02-01,39
P123,2023-02-01,37
P124,2023-02-01,68
P125,2023-02-01,107
P126,2023-02-01,48
P127,2023-02-01,162
P128,2023-02-01,76
P129,2023-02-01,76
P130,2023-02-01,26
P131,2023-02-01,81
P132,2023-02-01,77
P133,2023-02-01,120
P134,2023-02-01,186
P135,2023-02-01,153
P136,2023-02-01,52
P137,2023-02-01,63
P138,2023-02-01,281
P139,2023-02-01,31
P140,2023-02-01,29
P141,2023-02-01,50
P142,2023-02-01,117
P143,2023-02-01,53
P144,2023-02-01,180
P145,2023-02-01,30
P146,2023-02-01,31
P147,2023-02-01,62
P148,2023-02-01,87
P149,2023-02-01,56
P150,2023-02-01,61
P151,2023-02-01,80
P152,2023-02-01,28
P153,2023-02-01,136
P154,2023-02-01,48
P155,2023-02-01,178
P156,2023-02-01,67
P157,2023-02-01,120
P158,2023-02-01,127
P159,2023-02-01,67
P160,2023-02-01,90
P161,2023-02-01,25
P162,2023-02-01,72
P163,2023-02-01,245
P164,2023-02-01,142
P165,2023-02-01,42
P166,2023-02-01,78
P167,2023-02-01,70
P168,2023-02-01,140
P169,2023-02-01,73
P170,2023-02-01,62
P171,2023-02-01,141
P172,2023-02-01,73
P173,2023-02-01,256
P174,2023-02-01,202
P175,2023-02-01,80
P176,2023-02-01,72
P177,2023-02-01,80
P178,2023-02-01,69
P179,2023-02-01,43
P180,2023-02-01,30
P181,2023-02-01,104
P182,2023-02-01,71
P183,2023-02-01,40
P184,2023-02-01,83
P185,2023-02-01,70
P186,2023-02-01,32
P187,2023-02-01,87
P188,2023-02-01,141
P189,2023-02-01,389
P190,2023-02-01,55
P191,2023-02-01,67
P192,2023-02-01,157
P193,2023-02-01,97
P194,2023-02-01,68
P195,2023-02-01,53
P196,2023-02-01,32
P197,2023-02-01,153
P198,2023-02-01,39
P199,2023-02-01,188
P200,2023-02-01,38
P201,2023-02-01,88
P202,2023-02-01,165
P203,2023-02-01,117
P204,2023-02-01,89
P205,2023-02-01,87
P206,2023-02-01,33
P207,2023-02-01,49
P208,2023-02-01,60
P209,2023-02-01,79
P210,2023-02-01,142
P211,2023-02-01,93
P212,2023-02-01,30
P213,2023-02-01,96
P214,2023-02-01,114
P215,2023-02-01,48
P216,2023-02-01,135
P217,2023-02-01,48
P218,2023-02-01,55
P219,2023-02-01,51
P220,2023-02-01,101
P221,2023-02-01,78
P222,2023-02-01,82
P223,2023-02-01,57
P224,2023-02-01,53
P225,2023-02-01,65
P226,2023-02-01,53
P227,2023-02-01,77
P228,2023-02-01,235
P229,2023-02-01,46
P230,2023-02-01,54
P231,2023-02-01,34
P232,2023-02-01,129
P233,2023-02-01,29
P234,2023-02-01,41
P235,2023-02-01,172
P236,2023-02-01,30
P237,2023-02-01,89
P238,2023-02-01,146
P239,2023-02-01,150
P240,2023-02-01,38
P241,2023-02-01,38
P242,2023-02-01,111
P243,2023-02-01,91
P244,2023-02-01,38
P245,2023-02-01,36
P246,2023-02-01,57
P247,2023-02-01,56
P248,2023-02-01,444
P249,2023-02-01,105
P250,2023-02-01,42
P001,2023-03-01,43
P002,2023-03-01,34
P003,2023-03-01,68
P004,2023-03-01,108
P005,2023-03-01,31
P006,2023-03-01,47
P007,2023-03-01,72
P008,2023-03-01,167
P009,2023-03-01,71
P010,2023-03-01,91
P011,2023-03-01,71
P012,2023-03-01,95
P013,2023-03-01,60
P014,2023-03-01,26
P015,2023-03-01,84
P016,2023-03-01,59
P017,2023-03-01,46
P018,2023-03-01,34
P019,2023-03-01,26
P020,2023-03-01,154
P021,2023-03-01,35
P022,2023-03-01,39
P023,2023-03-01,53
P024,2023-03-01,49
P025,2023-03-01,87
P026,2023-03-01,150
P027,2023-03-01,42
P028,2023-03-01,78
P029,2023-03-01,39
P030,2023-03-01,142
P031,2023-03-01,79
P032,2023-03-01,33
P033,2023-03-01,101
P034,2023-03-01,167
P035,2023-03-01,73
P036,2023-03-01,34
P037,2023-03-01,380
P038,2023-03-01,65
P039,2023-03-01,144
P040,2023-03-01,33
P041,2023-03-01,40
P042,2023-03-01,42
P043,2023-03-01,132
P044,2023-03-01,88
P045,2023-03-01,32
P046,2023-03-01,71
P047,2023-03-01,57
P048,2023-03-01,87
P049,2023-03-01,70
P050,2023-03-01,38
P051,2023-03-01,35
P052,2023-03-01,45
P053,2023-03-01,75
P054,2023-03-01,59
P055,2023-03-01,62
P056,2023-03-01,531
P057,2023-03-01,67
P058,2023-03-01,152
P059,2023-03-01,57
P060,2023-03-01,173
P061,2023-03-01,39
P062,2023-03-01,41
P063,2023-03-01,122
P064,2023-03-01,52
P065,2023-03-01,103
P066,2023-03-01,116
P067,2023-03-01,127
P068,2023-03-01,128
P069,2023-03-01,97
P070,2023-03-01,214
P071,2023-03-01,112
P072,2023-03-01,163
P073,2023-03-01,49
P074,2023-03-01,43
P075,2023-03-01,43
P076,2023-03-01,83
P077,2023-03-01,26
P078,2023-03-01,53
P079,2023-03-01,47
P080,2023-03-01,51
P081,2023-03-01,31
P082,2023-03-01,117
P083,2023-03-01,81
P084,2023-03-01,222
P085,2023-03-01,103
P086,2023-03-01,102
P087,2023-03-01,234
P088,2023-03-01,42
P089,2023-03-01,32
P090,2023-03-01,44
P091,2023-03-01,40
P092,2023-03-01,48
P093,2023-03-01,34
P094,2023-03-01,103
P095,2023-03-01,98
P096,2023-03-01,69
P097,2023-03-01,99
P098,2023-03-01,62
P099,2023-03-01,36
P100,2023-03-01,66
P101,2023-03-01,64
P102,2023-03-01,338
P103,2023-03-01,108
P104,2023-03-01,115
P105,2023-03-01,34
P106,2023-03-01,56
P107,2023-03-01,36
P108,2023-03-01,69
P109,2023-03-01,111
P110,2023-03-01,69
P111,2023-03-01,154
P112,2023-03-01,49
P113,2023-03-01,27
P114,2023-03-01,79
P115,2023-03-01,62
P116,2023-03-01,92
P117,2023-03-01,77
P118,2023-03-01,83
P119,2023-03-01,31
P120,2023-03-01,46
P121,2023-03-01,54
P122,2023-03-01,56
P123,2023-03-01,51
P124,2023-03-01,70
P125,2023-03-01,110
P126,2023-03-01,38
P127,2023-03-01,124
P128,2023-03-01,101
P129,2023-03-01,85
P130,2023-03-01,26
P131,2023-03-01,96
P132,2023-03-01,46
P133,2023-03-01,89
P134,2023-03-01,213
P135,2023-03-01,165
P136,2023-03-01,73
P137,2023-03-01,67
P138,2023-03-01,293
P139,2023-03-01,37
P140,2023-03-01,26
P141,2023-03-01,61
P142,2023-03-01,105
P143,2023-03-01,98
P144,2023-03-01,137
P145,2023-03-01,34
P146,2023-03-01,32
P147,2023-03-01,36
P148,2023-03-01,105
P149,2023-03-01,53
P150,2023-03-01,218
P151,2023-03-01,58
P152,2023-03-01,24
P153,2023-03-01,79
P154,2023-03-01,42
P155,2023-03-01,123
P156,2023-03-01,49
P157,2023-03-01,81
P158,2023-03-01,86
P159,2023-03-01,62
P160,2023-03-01,65
P161,2023-03-01,22
P162,2023-03-01,70
P163,2023-03-01,83
P164,2023-03-01,176
P165,2023-03-01,41
P166,2023-03-01,85
P167,2023-03-01,72
P168,2023-03-01,107
P169,2023-03-01,69
P170,2023-03-01,27
P171,2023-03-01,154
P172,2023-03-01,58
P173,2023-03-01,153
P174,2023-03-01,158
P175,2023-03-01,47
P176,2023-03-01,78
P177,2023-03-01,499
P178,2023-03-01,83
P179,2023-03-01,53
P180,2023-03-01,32
P181,2023-03-01,136
P182,2023-03-01,81
P183,2023-03-01,58
P184,2023-03-01,74
P185,2023-03-01,83
P186,2023-03-01,31
P187,2023-03-01,99
P188,2023-03-01,170
P189,2023-03-01,361
P190,2023-03-01,64
P191,2023-03-01,97
P192,2023-03-01,155
P193,2023-03-01,67
P194,2023-03-01,98
P195,2023-03-01,44
P196,2023-03-01,33
P197,2023-03-01,97
P198,2023-03-01,27
P199,2023-03-01,136
P200,2023-03-01,50
P201,2023-03-01,91
P202,2023-03-01,57
P203,2023-03-01,111
P204,2023-03-01,74
P205,2023-03-01,308
P206,2023-03-01,32
P207,2023-03-01,81
P208,2023-03-01,58
P209,2023-03-01,76
P210,2023-03-01,16
P211,2023-03-01,54
P212,2023-03-01,31
P213,2023-03-01,84
P214,2023-03-01,74
P215,2023-03-01,43
P216,2023-03-01,135
P217,2023-03-01,46
P218,2023-03-01,61
P219,2023-03-01,69
P220,2023-03-01,129
P221,2023-03-01,77
P222,2023-03-01,60
P223,2023-03-01,51
P224,2023-03-01,32
P225,2023-03-01,51
P226,2023-03-01,60
P227,2023-03-01,64
P228,2023-03-01,199
P229,2023-03-01,48
P230,2023-03-01,53
P231,2023-03-01,30
P232,2023-03-01,70
P233,2023-03-01,28
P234,2023-03-01,44
P235,2023-03-01,148
P236,2023-03-01,27
P237,2023-03-01,64
P238,2023-03-01,124
P239,2023-03-01,77
P240,2023-03-01,38
P241,2023-03-01,43
P242,2023-03-01,160
P243,2023-03-01,103
P244,2023-03-01,52
P245,2023-03-01,38
P246,2023-03-01,23
P247,2023-03-01,95
P248,2023-03-01,139
P249,2023-03-01,115
P250,2023-03-01,38
P001,2023-04-01,40
P002,2023-04-01,29
P003,2023-04-01,55
P004,2023-04-01,144
P005,2023-04-01,29
P006,2023-04-01,29
P007,2023-04-01,78
P008,2023-04-01,93
P009,2023-04-01,94
P010,2023-04-01,75
P011,2023-04-01,70
P012,2023-04-01,81
P013,2023-04-01,168
P014,2023-04-01,25
P015,2023-04-01,60
P016,2023-04-01,61
P017,2023-04-01,54
P018,2023-04-01,37
P019,2023-04-01,31
P020,2023-04-01,199
P021,2023-04-01,42
P022,2023-04-01,40
P023,2023-04-01,57
P024,2023-04-01,45
P025,2023-04-01,70
P026,2023-04-01,159
P027,2023-04-01,47
P028,2023-04-01,68
P029,2023-04-01,32
P030,2023-04-01,163
P031,2023-04-01,214
P032,2023-04-01,42
P033,2023-04-01,113
P034,2023-04-01,114
P035,2023-04-01,65
P036,2023-04-01,30
P037,2023-04-01,127
P038,2023-04-01,161
P039,2023-04-01,101
P040,2023-04-01,52
P041,2023-04-01,55
P042,2023-04-01,79
P043,2023-04-01,155
P044,2023-04-01,69
P045,2023-04-01,30
P046,2023-04-01,79
P047,2023-04-01,151
P048,2023-04-01,122
P049,2023-04-01,51
P050,2023-04-01,26
P051,2023-04-01,25
P052,2023-04-01,44
P053,2023-04-01,65
P054,2023-04-01,72
P055,2023-04-01,69
P056,2023-04-01,117
P057,2023-04-01,67
P058,2023-04-01,142
P059,2023-04-01,72
P060,2023-04-01,154
P061,2023-04-01,34
P062,2023-04-01,49
P063,2023-04-01,114
P064,2023-04-01,59
P065,2023-04-01,122
P066,2023-04-01,87
P067,2023-04-01,125
P068,2023-04-01,46
P069,2023-04-01,87
P070,2023-04-01,154
P071,2023-04-01,83
P072,2023-04-01,73
P073,2023-04-01,58
P074,2023-04-01,56
P075,2023-04-01,54
P076,2023-04-01,109
P077,2023-04-01,32
P078,2023-04-01,39
P079,2023-04-01,53
P080,2023-04-01,36
P081,2023-04-01,21
P082,2023-04-01,99
P083,2023-04-01,86
P084,2023-04-01,99
P085,2023-04-01,125
P086,2023-04-01,89
P087,2023-04-01,194
P088,2023-04-01,37
P089,2023-04-01,29
P090,2023-04-01,60
P091,2023-04-01,25
P092,2023-04-01,39
P093,2023-04-01,42
P094,2023-04-01,95
P095,2023-04-01,62
P096,2023-04-01,57
P097,2023-04-01,84
P098,2023-04-01,58
P099,2023-04-01,71
P100,2023-04-01,6
P101,2023-04-01,68
P102,2023-04-01,247
P103,2023-04-01,133
P104,2023-04-01,135
P105,2023-04-01,48
P106,2023-04-01,48
P107,2023-04-01,23
P108,2023-04-01,54
P109,2023-04-01,94
P110,2023-04-01,59
P111,2023-04-01,226
P112,2023-04-01,55
P113,2023-04-01,43
P114,2023-04-01,108
P115,2023-04-01,114
P116,2023-04-01,98
P117,2023-04-01,58
P118,2023-04-01,81
P119,2023-04-01,32
P120,2023-04-01,50
P121,2023-04-01,86
P122,2023-04-01,68
P123,2023-04-01,48
P124,2023-04-01,67
P125,2023-04-01,108
P126,2023-04-01,33
P127,2023-04-01,101
P128,2023-04-01,108
P129,2023-04-01,107
P130,2023-04-01,33
P131,2023-04-01,98
P132,2023-04-01,99
P133,2023-04-01,128
P134,2023-04-01,136
P135,2023-04-01,161
P136,2023-04-01,86
P137,2023-04-01,53
P138,2023-04-01,71
P139,2023-04-01,35
P140,2023-04-01,30
P141,2023-04-01,58
P142,2023-04-01,133
P143,2023-04-01,26
P144,2023-04-01,158
P145,2023-04-01,29
P146,2023-04-01,28
P147,2023-04-01,60
P148,2023-04-01,121
P149,2023-04-01,61
P150,2023-04-01,203
P151,2023-04-01,53
P152,2023-04-01,23
P153,2023-04-01,135
P154,2023-04-01,55
P155,2023-04-01,151
P156,2023-04-01,47
P157,2023-04-01,118
P158,2023-04-01,69
P159,2023-04-01,57
P160,2023-04-01,71
P161,2023-04-01,26
P162,2023-04-01,84
P163,2023-04-01,357
P164,2023-04-01,167
P165,2023-04-01,31
P166,2023-04-01,102
P167,2023-04-01,83
P168,2023-04-01,117
P169,2023-04-01,71
P170,2023-04-01,45
P171,2023-04-01,156
P172,2023-04-01,100
P173,2023-04-01,153
P174,2023-04-01,365
P175,2023-04-01,64
P176,2023-04-01,94
P177,2023-04-01,257
P178,2023-04-01,71
P179,2023-04-01,59
P180,2023-04-01,42
P181,2023-04-01,116
P182,2023-04-01,79
P183,2023-04-01,37
P184,2023-04-01,79
P185,2023-04-01,85
P186,2023-04-01,26
P187,2023-04-01,117
P188,2023-04-01,122
P189,2023-04-01,227
P190,2023-04-01,65
P191,2023-04-01,90
P192,2023-04-01,151
P193,2023-04-01,62
P194,2023-04-01,89
P195,2023-04-01,55
P196,2023-04-01,46
P197,2023-04-01,502
P198,2023-04-01,33
P199,2023-04-01,135
P200,2023-04-01,42
P201,2023-04-01,60
P202,2023-04-01,63
P203,2023-04-01,129
P204,2023-04-01,75
P205,2023-04-01,147
P206,2023-04-01,38
P207,2023-04-01,83
P208,2023-04-01,73
P209,2023-04-01,89
P210,2023-04-01,165
P211,2023-04-01,99
P212,2023-04-01,22
P213,2023-04-01,72
P214,2023-04-01,68
P215,2023-04-01,52
P216,2023-04-01,119
P217,2023-04-01,62
P218,2023-04-01,58
P219,2023-04-01,48
P220,2023-04-01,122
P221,2023-04-01,108
P222,2023-04-01,59
P223,2023-04-01,65
P224,2023-04-01,37
P225,2023-04-01,31
P226,2023-04-01,37
P227,2023-04-01,59
P228,2023-04-01,226
P229,2023-04-01,48
P230,2023-04-01,58
P231,2023-04-01,27
P232,2023-04-01,85
P233,2023-04-01,34
P234,2023-04-01,38
P235,2023-04-01,139
P236,2023-04-01,35
P237,2023-04-01,73
P238,2023-04-01,92
P239,2023-04-01,152
P240,2023-04-01,41
P241,2023-04-01,48
P242,2023-04-01,264
P243,2023-04-01,62
P244,2023-04-01,46
P245,2023-04-01,38
P246,2023-04-01,70
P247,2023-04-01,170
P248,2023-04-01,52
P249,2023-04-01,100
P250,2023-04-01,38
P001,2023-05-01,50
P002,2023-05-01,28
P003,2023-05-01,57
P004,2023-05-01,95
P005,2023-05-01,30
P006,2023-05-01,39
P007,2023-05-01,57
P008,2023-05-01,137
P009,2023-05-01,86
P010,2023-05-01,78
P011,2023-05-01,54
P012,2023-05-01,119
P013,2023-05-01,119
P014,2023-05-01,36
P015,2023-05-01,125
P016,2023-05-01,74
P017,2023-05-01,53
P018,2023-05-01,31
P019,2023-05-01,41
P020,2023-05-01,205
P021,2023-05-01,53
P022,2023-05-01,20
P023,2023-05-01,60
P024,2023-05-01,50
P025,2023-05-01,85
P026,2023-05-01,208
P027,2023-05-01,56
P028,2023-05-01,87
P029,2023-05-01,35
P030,2023-05-01,175
P031,2023-05-01,8
P032,2023-05-01,40
P033,2023-05-01,136
P034,2023-05-01,136
P035,2023-05-01,84
P036,2023-05-01,41
P037,2023-05-01,383
P038,2023-05-01,103
P039,2023-05-01,136
P040,2023-05-01,40
P041,2023-05-01,57
P042,2023-05-01,66
P043,2023-05-01,124
P044,2023-05-01,133
P045,2023-05-01,28
P046,2023-05-01,184
P047,2023-05-01,164
P048,2023-05-01,62
P049,2023-05-01,86
P050,2023-05-01,34
P051,2023-05-01,39
P052,2023-05-01,40
P053,2023-05-01,59
P054,2023-05-01,84
P055,2023-05-01,66
P056,2023-05-01,179
P057,2023-05-01,47
P058,2023-05-01,149
P059,2023-05-01,63
P060,2023-05-01,186
P061,2023-05-01,40
P062,2023-05-01,44
P063,2023-05-01,125
P064,2023-05-01,63
P065,2023-05-01,106
P066,2023-05-01,104
P067,2023-05-01,135
P068,2023-05-01,79
P069,2023-05-01,101
P070,2023-05-01,174
P071,2023-05-01,103
P072,2023-05-01,116
P073,2023-05-01,23
P074,2023-05-01,47
P075,2023-05-01,45
P076,2023-05-01,76
P077,2023-05-01,33
P078,2023-05-01,38
P079,2023-05-01,46
P080,2023-05-01,59
P081,2023-05-01,40
P082,2023-05-01,430
P083,2023-05-01,119
P084,2023-05-01,140
P085,2023-05-01,140
P086,2023-05-01,98
P087,2023-05-01,280
P088,2023-05-01,50
P089,2023-05-01,33
P090,2023-05-01,61
P091,2023-05-01,60
P092,2023-05-01,58
P093,2023-05-01,38
P094,2023-05-01,101
P095,2023-05-01,94
P096,2023-05-01,87
P097,2023-05-01,73
P098,2023-05-01,66
P099,2023-05-01,97
P100,2023-05-01,91
P101,2023-05-01,70
P102,2023-05-01,513
P103,2023-05-01,144
P104,2023-05-01,126
P105,2023-05-01,44
P106,2023-05-01,42
P107,2023-05-01,41
P108,2023-05-01,52
P109,2023-05-01,48
P110,2023-05-01,53
P111,2023-05-01,260
P112,2023-05-01,57
P113,2023-05-01,27
P114,2023-05-01,109
P115,2023-05-01,67
P116,2023-05-01,68
P117,2023-05-01,93
P118,2023-05-01,68
P119,2023-05-01,25
P120,2023-05-01,40
P121,2023-05-01,43
P122,2023-05-01,64
P123,2023-05-01,45
P124,2023-05-01,98
P125,2023-05-01,82
P126,2023-05-01,28
P127,2023-05-01,146
P128,2023-05-01,96
P129,2023-05-01,94
P130,2023-05-01,35
P131,2023-05-01,111
P132,2023-05-01,49
P133,2023-05-01,134
P134,2023-05-01,176
P135,2023-05-01,190
P136,2023-05-01,70
P137,2023-05-01,64
P138,2023-05-01,117
P139,2023-05-01,39
P140,2023-05-01,35
P141,2023-05-01,48
P142,2023-05-01,130
P143,2023-05-01,39
P144,2023-05-01,191
P145,2023-05-01,36
P146,2023-05-01,28
P147,2023-05-01,71
P148,2023-05-01,101
P149,2023-05-01,70
P150,2023-05-01,71
P151,2023-05-01,59
P152,2023-05-01,24
P153,2023-05-01,99
P154,2023-05-01,45
P155,2023-05-01,198
P156,2023-05-01,60
P157,2023-05-01,115
P158,2023-05-01,84
P159,2023-05-01,68
P160,2023-05-01,76
P161,2023-05-01,38
P162,2023-05-01,66
P163,2023-05-01,184
P164,2023-05-01,136
P165,2023-05-01,42
P166,2023-05-01,108
P167,2023-05-01,88
P168,2023-05-01,80
P169,2023-05-01,80
P170,2023-05-01,72
P171,2023-05-01,170
P172,2023-05-01,73
P173,2023-05-01,68
P174,2023-05-01,180
P175,2023-05-01,54
P176,2023-05-01,78
P177,2023-05-01,181
P178,2023-05-01,65
P179,2023-05-01,26
P180,2023-05-01,34
P181,2023-05-01,105
P182,2023-05-01,90
P183,2023-05-01,38
P184,2023-05-01,100
P185,2023-05-01,71
P186,2023-05-01,31
P187,2023-05-01,92
P188,2023-05-01,164
P189,2023-05-01,235
P190,2023-05-01,86
P191,2023-05-01,75
P192,2023-05-01,156
P193,2023-05-01,55
P194,2023-05-01,91
P195,2023-05-01,49
P196,2023-05-01,49
P197,2023-05-01,109
P198,2023-05-01,37
P199,2023-05-01,158
P200,2023-05-01,46
P201,2023-05-01,65
P202,2023-05-01,63
P203,2023-05-01,154
P204,2023-05-01,80
P205,2023-05-01,242
P206,2023-05-01,40
P207,2023-05-01,80
P208,2023-05-01,68
P209,2023-05-01,87
P210,2023-05-01,216
P211,2023-05-01,101
P212,2023-05-01,43
P213,2023-05-01,68
P214,2023-05-01,24
P215,2023-05-01,63
P216,2023-05-01,121
P217,2023-05-01,52
P218,2023-05-01,54
P219,2023-05-01,80
P220,2023-05-01,110
P221,2023-05-01,98
P222,2023-05-01,76
P223,2023-05-01,70
P224,2023-05-01,41
P225,2023-05-01,51
P226,2023-05-01,42
P227,2023-05-01,65
P228,2023-05-01,208
P229,2023-05-01,46
P230,2023-05-01,77
P231,2023-05-01,25
P232,2023-05-01,103
P233,2023-05-01,26
P234,2023-05-01,39
P235,2023-05-01,139
P236,2023-05-01,26
P237,2023-05-01,67
P238,2023-05-01,102
P239,2023-05-01,590
P240,2023-05-01,42
P241,2023-05-01,32
P242,2023-05-01,190
P243,2023-05-01,135
P244,2023-05-01,39
P245,2023-05-01,53
P246,2023-05-01,131
P247,2023-05-01,39
P248,2023-05-01,115
P249,2023-05-01,132
P250,2023-05-01,40
P001,2023-06-01,72
P002,2023-06-01,32
P003,2023-06-01,59
P004,2023-06-01,138
P005,2023-06-01,40
P006,2023-06-01,34
P007,2023-06-01,74
P008,2023-06-01,148
P009,2023-06-01,125
P010,2023-06-01,61
P011,2023-06-01,57
P012,2023-06-01,100
P013,2023-06-01,196
P014,2023-06-01,33
P015,2023-06-01,89
P016,2023-06-01,86
P017,2023-06-01,45
P018,2023-06-01,27
P019,2023-06-01,50
P020,2023-06-01,308
P021,2023-06-01,62
P022,2023-06-01,41
P023,2023-06-01,72
P024,2023-06-01,65
P025,2023-06-01,89
P026,2023-06-01,182
P027,2023-06-01,52
P028,2023-06-01,72
P029,2023-06-01,40
P030,2023-06-01,180
P031,2023-06-01,106
P032,2023-06-01,41
P033,2023-06-01,117
P034,2023-06-01,166
P035,2023-06-01,45
P036,2023-06-01,33
P037,2023-06-01,257
P038,2023-06-01,93
P039,2023-06-01,129
P040,2023-06-01,75
P041,2023-06-01,58
P042,2023-06-01,82
P043,2023-06-01,132
P044,2023-06-01,114
P045,2023-06-01,30
P046,2023-06-01,96
P047,2023-06-01,215
P048,2023-06-01,64
P049,2023-06-01,85
P050,2023-06-01,49
P051,2023-06-01,30
P052,2023-06-01,50
P053,2023-06-01,80
P054,2023-06-01,89
P055,2023-06-01,95
P056,2023-06-01,180
P057,2023-06-01,49
P058,2023-06-01,179
P059,2023-06-01,63
P060,2023-06-01,188
P061,2023-06-01,35
P062,2023-06-01,73
P063,2023-06-01,142
P064,2023-06-01,84
P065,2023-06-01,192
P066,2023-06-01,101
P067,2023-06-01,113
P068,2023-06-01,81
P069,2023-06-01,99
P070,2023-06-01,266
P071,2023-06-01,106
P072,2023-06-01,106
P073,2023-06-01,79
P074,2023-06-01,82
P075,2023-06-01,40
P076,2023-06-01,118
P077,2023-06-01,34
P078,2023-06-01,40
P079,2023-06-01,43
P080,2023-06-01,77
P081,2023-06-01,29
P082,2023-06-01,187
P083,2023-06-01,116
P084,2023-06-01,188
P085,2023-06-01,85
P086,2023-06-01,134
P087,2023-06-01,204
P088,2023-06-01,44
P089,2023-06-01,32
P090,2023-06-01,58
P091,2023-06-01,53
P092,2023-06-01,55
P093,2023-06-01,41
P094,2023-06-01,134
P095,2023-06-01,86
P096,2023-06-01,71
P097,2023-06-01,68
P098,2023-06-01,70
P099,2023-06-01,207
P100,2023-06-01,40
P101,2023-06-01,70
P102,2023-06-01,152
P103,2023-06-01,111
P104,2023-06-01,136
P105,2023-06-01,29
P106,2023-06-01,59
P107,2023-06-01,38
P108,2023-06-01,74
P109,2023-06-01,73
P110,2023-06-01,56
P111,2023-06-01,155
P112,2023-06-01,59
P113,2023-06-01,47
P114,2023-06-01,89
P115,2023-06-01,75
P116,2023-06-01,125
P117,2023-06-01,124
P118,2023-06-01,91
P119,2023-06-01,31
P120,2023-06-01,49
P121,2023-06-01,29
P122,2023-06-01,58
P123,2023-06-01,45
P124,2023-06-01,112
P125,2023-06-01,95
P126,2023-06-01,39
P127,2023-06-01,118
P128,2023-06-01,116
P129,2023-06-01,112
P130,2023-06-01,27
P131,2023-06-01,87
P132,2023-06-01,63
P133,2023-06-01,128
P134,2023-06-01,211
P135,2023-06-01,132
P136,2023-06-01,58
P137,2023-06-01,64
P138,2023-06-01,94
P139,2023-06-01,48
P140,2023-06-01,37
P141,2023-06-01,56
P142,2023-06-01,148
P143,2023-06-01,45
P144,2023-06-01,168
P145,2023-06-01,36
P146,2023-06-01,35
P147,2023-06-01,52
P148,2023-06-01,114
P149,2023-06-01,104
P150,2023-06-01,127
P151,2023-06-01,65
P152,2023-06-01,49
P153,2023-06-01,93
P154,2023-06-01,45
P155,2023-06-01,103
P156,2023-06-01,65
P157,2023-06-01,192
P158,2023-06-01,64
P159,2023-06-01,66
P160,2023-06-01,74
P161,2023-06-01,30
P162,2023-06-01,95
P163,2023-06-01,122
P164,2023-06-01,100
P165,2023-06-01,42
P166,2023-06-01,100
P167,2023-06-01,74
P168,2023-06-01,98
P169,2023-06-01,106
P170,2023-06-01,110
P171,2023-06-01,179
P172,2023-06-01,49
P173,2023-06-01,237
P174,2023-06-01,47
P175,2023-06-01,49
P176,2023-06-01,41
P177,2023-06-01,212
P178,2023-06-01,61
P179,2023-06-01,52
P180,2023-06-01,33
P181,2023-06-01,182
P182,2023-06-01,94
P183,2023-06-01,36
P184,2023-06-01,155
P185,2023-06-01,85
P186,2023-06-01,38
P187,2023-06-01,103
P188,2023-06-01,168
P189,2023-06-01,172
P190,2023-06-01,94
P191,2023-06-01,68
P192,2023-06-01,225
P193,2023-06-01,83
P194,2023-06-01,107
P195,2023-06-01,34
P196,2023-06-01,32
P197,2023-06-01,100
P198,2023-06-01,27
P199,2023-06-01,153
P200,2023-06-01,41
P201,2023-06-01,99
P202,2023-06-01,89
P203,2023-06-01,210
P204,2023-06-01,62
P205,2023-06-01,250
P206,2023-06-01,66
P207,2023-06-01,81
P208,2023-06-01,63
P209,2023-06-01,136
P210,2023-06-01,146
P211,2023-06-01,121
P212,2023-06-01,56
P213,2023-06-01,99
P214,2023-06-01,46
P215,2023-06-01,57
P216,2023-06-01,142
P217,2023-06-01,52
P218,2023-06-01,54
P219,2023-06-01,72
P220,2023-06-01,104
P221,2023-06-01,103
P222,2023-06-01,49
P223,2023-06-01,60
P224,2023-06-01,36
P225,2023-06-01,20
P226,2023-06-01,42
P227,2023-06-01,67
P228,2023-06-01,332
P229,2023-06-01,38
P230,2023-06-01,57
P231,2023-06-01,21
P232,2023-06-01,78
P233,2023-06-01,22
P234,2023-06-01,48
P235,2023-06-01,89
P236,2023-06-01,26
P237,2023-06-01,75
P238,2023-06-01,110
P239,2023-06-01,225
P240,2023-06-01,48
P241,2023-06-01,48
P242,2023-06-01,359
P243,2023-06-01,47
P244,2023-06-01,47
P245,2023-06-01,40
P246,2023-06-01,57
P247,2023-06-01,239
P248,2023-06-01,191
P249,2023-06-01,166
P250,2023-06-01,46
P001,2023-07-01,66
P002,2023-07-01,37
P003,2023-07-01,61
P004,2023-07-01,117
P005,2023-07-01,36
P006,2023-07-01,34
P007,2023-07-01,72
P008,2023-07-01,234
P009,2023-07-01,86
P010,2023-07-01,103
P011,2023-07-01,48
P012,2023-07-01,101
P013,2023-07-01,173
P014,2023-07-01,26
P015,2023-07-01,118
P016,2023-07-01,90
P017,2023-07-01,37
P018,2023-07-01,30
P019,2023-07-01,40
P020,2023-07-01,193
P021,2023-07-01,44
P022,2023-07-01,48
P023,2023-07-01,50
P024,2023-07-01,50
P025,2023-07-01,89
P026,2023-07-01,158
P027,2023-07-01,40
P028,2023-07-01,60
P029,2023-07-01,36
P030,2023-07-01,194
P031,2023-07-01,69
P032,2023-07-01,35
P033,2023-07-01,58
P034,2023-07-01,144
P035,2023-07-01,56
P036,2023-07-01,30
P037,2023-07-01,132
P038,2023-07-01,111
P039,2023-07-01,145
P040,2023-07-01,58
P041,2023-07-01,57
P042,2023-07-01,37
P043,2023-07-01,131
P044,2023-07-01,168
P045,2023-07-01,41
P046,2023-07-01,90
P047,2023-07-01,269
P048,2023-07-01,100
P049,2023-07-01,109
P050,2023-07-01,57
P051,2023-07-01,38
P052,2023-07-01,91
P053,2023-07-01,49
P054,2023-07-01,102
P055,2023-07-01,80
P056,2023-07-01,172
P057,2023-07-01,67
P058,2023-07-01,126
P059,2023-07-01,46
P060,2023-07-01,204
P061,2023-07-01,41
P062,2023-07-01,65
P063,2023-07-01,146
P064,2023-07-01,77
P065,2023-07-01,142
P066,2023-07-01,104
P067,2023-07-01,138
P068,2023-07-01,114
P069,2023-07-01,88
P070,2023-07-01,216
P071,2023-07-01,138
P072,2023-07-01,112
P073,2023-07-01,149
P074,2023-07-01,60
P075,2023-07-01,59
P076,2023-07-01,115
P077,2023-07-01,42
P078,2023-07-01,39
P079,2023-07-01,46
P080,2023-07-01,178
P081,2023-07-01,25
P082,2023-07-01,239
P083,2023-07-01,117
P084,2023-07-01,305
P085,2023-07-01,102
P086,2023-07-01,176
P087,2023-07-01,235
P088,2023-07-01,45
P089,2023-07-01,33
P090,2023-07-01,56
P091,2023-07-01,0
P092,2023-07-01,59
P093,2023-07-01,38
P094,2023-07-01,96
P095,2023-07-01,92
P096,2023-07-01,89
P097,2023-07-01,104
P098,2023-07-01,65
P099,2023-07-01,171
P100,2023-07-01,89
P101,2023-07-01,62
P102,2023-07-01,60
P103,2023-07-01,119
P104,2023-07-01,161
P105,2023-07-01,37
P106,2023-07-01,68
P107,2023-07-01,52
P108,2023-07-01,87
P109,2023-07-01,89
P110,2023-07-01,72
P111,2023-07-01,152
P112,2023-07-01,50
P113,2023-07-01,45
P114,2023-07-01,94
P115,2023-07-01,86
P116,2023-07-01,124
P117,2023-07-01,88
P118,2023-07-01,88
P119,2023-07-01,32
P120,2023-07-01,48
P121,2023-07-01,46
P122,2023-07-01,61
P123,2023-07-01,51
P124,2023-07-01,105
P125,2023-07-01,71
P126,2023-07-01,39
P127,2023-07-01,92
P128,2023-07-01,121
P129,2023-07-01,94
P130,2023-07-01,14
P131,2023-07-01,114
P132,2023-07-01,138
P133,2023-07-01,195
P134,2023-07-01,200
P135,2023-07-01,181
P136,2023-07-01,68
P137,2023-07-01,84
P138,2023-07-01,106
P139,2023-07-01,38
P140,2023-07-01,34
P141,2023-07-01,58
P142,2023-07-01,140
P143,2023-07-01,35
P144,2023-07-01,163
P145,2023-07-01,36
P146,2023-07-01,30
P147,2023-07-01,106
P148,2023-07-01,131
P149,2023-07-01,75
P150,2023-07-01,108
P151,2023-07-01,51
P152,2023-07-01,33
P153,2023-07-01,185
P154,2023-07-01,49
P155,2023-07-01,130
P156,2023-07-01,52
P157,2023-07-01,161
P158,2023-07-01,60
P159,2023-07-01,90
P160,2023-07-01,73
P161,2023-07-01,34
P162,2023-07-01,95
P163,2023-07-01,0
P164,2023-07-01,120
P165,2023-07-01,41
P166,2023-07-01,109
P167,2023-07-01,82
P168,2023-07-01,140
P169,2023-07-01,92
P170,2023-07-01,108
P171,2023-07-01,130
P172,2023-07-01,74
P173,2023-07-01,117
P174,2023-07-01,80
P175,2023-07-01,67
P176,2023-07-01,24
P177,2023-07-01,324
P178,2023-07-01,59
P179,2023-07-01,51
P180,2023-07-01,29
P181,2023-07-01,123
P182,2023-07-01,75
P183,2023-07-01,27
P184,2023-07-01,106
P185,2023-07-01,68
P186,2023-07-01,34
P187,2023-07-01,119
P188,2023-07-01,111
P189,2023-07-01,330
P190,2023-07-01,89
P191,2023-07-01,57
P192,2023-07-01,189
P193,2023-07-01,21
P194,2023-07-01,126
P195,2023-07-01,52
P196,2023-07-01,152
P197,2023-07-01,54
P198,2023-07-01,48
P199,2023-07-01,146
P200,2023-07-01,38
P201,2023-07-01,88
P202,2023-07-01,66
P203,2023-07-01,165
P204,2023-07-01,76
P205,2023-07-01,270
P206,2023-07-01,39
P207,2023-07-01,84
P208,2023-07-01,82
P209,2023-07-01,107
P210,2023-07-01,205
P211,2023-07-01,102
P212,2023-07-01,53
P213,2023-07-01,98
P214,2023-07-01,74
P215,2023-07-01,54
P216,2023-07-01,145
P217,2023-07-01,49
P218,2023-07-01,49
P219,2023-07-01,116
P220,2023-07-01,136
P221,2023-07-01,112
P222,2023-07-01,57
P223,2023-07-01,55
P224,2023-07-01,38
P225,2023-07-01,21
P226,2023-07-01,35
P227,2023-07-01,82
P228,2023-07-01,312
P229,2023-07-01,40
P230,2023-07-01,65
P231,2023-07-01,34
P232,2023-07-01,99
P233,2023-07-01,25
P234,2023-07-01,51
P235,2023-07-01,103
P236,2023-07-01,29
P237,2023-07-01,57
P238,2023-07-01,111
P239,2023-07-01,233
P240,2023-07-01,54
P241,2023-07-01,59
P242,2023-07-01,96
P243,2023-07-01,50
P244,2023-07-01,61
P245,2023-07-01,55
P246,2023-07-01,70
P247,2023-07-01,68
P248,2023-07-01,45
P249,2023-07-01,159
P250,2023-07-01,50
P001,2023-08-01,62
P002,2023-08-01,34
P003,2023-08-01,82
P004,2023-08-01,143
P005,2023-08-01,36
P006,2023-08-01,38
P007,2023-08-01,70
P008,2023-08-01,107
P009,2023-08-01,96
P010,2023-08-01,97
P011,2023-08-01,56
P012,2023-08-01,123
P013,2023-08-01,114
P014,2023-08-01,30
P015,2023-08-01,111
P016,2023-08-01,83
P017,2023-08-01,40
P018,2023-08-01,27
P019,2023-08-01,47
P020,2023-08-01,292
P021,2023-08-01,61
P022,2023-08-01,52
P023,2023-08-01,66
P024,2023-08-01,70
P025,2023-08-01,94
P026,2023-08-01,218
P027,2023-08-01,50
P028,2023-08-01,72
P029,2023-08-01,47
P030,2023-08-01,202
P031,2023-08-01,88
P032,2023-08-01,32
P033,2023-08-01,117
P034,2023-08-01,185
P035,2023-08-01,88
P036,2023-08-01,27
P037,2023-08-01,68
P038,2023-08-01,38
P039,2023-08-01,111
P040,2023-08-01,39
P041,2023-08-01,54
P042,2023-08-01,31
P043,2023-08-01,109
P044,2023-08-01,48
P045,2023-08-01,20
P046,2023-08-01,59
P047,2023-08-01,172
P048,2023-08-01,83
P049,2023-08-01,98
P050,2023-08-01,46
P051,2023-08-01,27
P052,2023-08-01,84
P053,2023-08-01,71
P054,2023-08-01,88
P055,2023-08-01,72
P056,2023-08-01,159
P057,2023-08-01,75
P058,2023-08-01,118
P059,2023-08-01,78
P060,2023-08-01,241
P061,2023-08-01,40
P062,2023-08-01,70
P063,2023-08-01,173
P064,2023-08-01,84
P065,2023-08-01,156
P066,2023-08-01,88
P067,2023-08-01,169
P068,2023-08-01,128
P069,2023-08-01,93
P070,2023-08-01,239
P071,2023-08-01,121
P072,2023-08-01,110
P073,2023-08-01,97
P074,2023-08-01,75
P075,2023-08-01,62
P076,2023-08-01,140
P077,2023-08-01,37
P078,2023-08-01,39
P079,2023-08-01,38
P080,2023-08-01,53
P081,2023-08-01,27
P082,2023-08-01,291
P083,2023-08-01,146
P084,2023-08-01,122
P085,2023-08-01,106
P086,2023-08-01,164
P087,2023-08-01,249
P088,2023-08-01,50
P089,2023-08-01,36
P090,2023-08-01,58
P091,2023-08-01,75
P092,2023-08-01,88
P093,2023-08-01,35
P094,2023-08-01,102
P095,2023-08-01,115
P096,2023-08-01,73
P097,2023-08-01,60
P098,2023-08-01,52
P099,2023-08-01,106
P100,2023-08-01,81
P101,2023-08-01,59
P102,2023-08-01,105
P103,2023-08-01,109
P104,2023-08-01,147
P105,2023-08-01,29
P106,2023-08-01,49
P107,2023-08-01,44
P108,2023-08-01,82
P109,2023-08-01,87
P110,2023-08-01,49
P111,2023-08-01,153
P112,2023-08-01,49
P113,2023-08-01,34
P114,2023-08-01,92
P115,2023-08-01,68
P116,2023-08-01,93
P117,2023-08-01,109
P118,2023-08-01,99
P119,2023-08-01,27
P120,2023-08-01,46
P121,2023-08-01,148
P122,2023-08-01,59
P123,2023-08-01,43
P124,2023-08-01,91
P125,2023-08-01,84
P126,2023-08-01,33
P127,2023-08-01,190
P128,2023-08-01,120
P129,2023-08-01,130
P130,2023-08-01,24
P131,2023-08-01,136
P132,2023-08-01,73
P133,2023-08-01,167
P134,2023-08-01,181
P135,2023-08-01,140
P136,2023-08-01,60
P137,2023-08-01,54
P138,2023-08-01,89
P139,2023-08-01,61
P140,2023-08-01,44
P141,2023-08-01,70
P142,2023-08-01,119
P143,2023-08-01,56
P144,2023-08-01,187
P145,2023-08-01,44
P146,2023-08-01,48
P147,2023-08-01,98
P148,2023-08-01,115
P149,2023-08-01,120
P150,2023-08-01,75
P151,2023-08-01,61
P152,2023-08-01,49
P153,2023-08-01,47
P154,2023-08-01,43
P155,2023-08-01,488
P156,2023-08-01,51
P157,2023-08-01,123
P158,2023-08-01,84
P159,2023-08-01,93
P160,2023-08-01,72
P161,2023-08-01,30
P162,2023-08-01,79
P163,2023-08-01,365
P164,2023-08-01,123
P165,2023-08-01,41
P166,2023-08-01,136
P167,2023-08-01,80
P168,2023-08-01,106
P169,2023-08-01,93
P170,2023-08-01,76
P171,2023-08-01,202
P172,2023-08-01,65
P173,2023-08-01,403
P174,2023-08-01,88
P175,2023-08-01,65
P176,2023-08-01,158
P177,2023-08-01,701
P178,2023-08-01,79
P179,2023-08-01,43
P180,2023-08-01,33
P181,2023-08-01,160
P182,2023-08-01,100
P183,2023-08-01,50
P184,2023-08-01,127
P185,2023-08-01,102
P186,2023-08-01,46
P187,2023-08-01,131
P188,2023-08-01,146
P189,2023-08-01,243
P190,2023-08-01,84
P191,2023-08-01,96
P192,2023-08-01,219
P193,2023-08-01,87
P194,2023-08-01,87
P195,2023-08-01,44
P196,2023-08-01,85
P197,2023-08-01,159
P198,2023-08-01,46
P199,2023-08-01,198
P200,2023-08-01,59
P201,2023-08-01,112
P202,2023-08-01,175
P203,2023-08-01,174
P204,2023-08-01,83
P205,2023-08-01,243
P206,2023-08-01,32
P207,2023-08-01,93
P208,2023-08-01,103
P209,2023-08-01,84
P210,2023-08-01,181
P211,2023-08-01,122
P212,2023-08-01,51
P213,2023-08-01,88
P214,2023-08-01,98
P215,2023-08-01,62
P216,2023-08-01,122
P217,2023-08-01,42
P218,2023-08-01,50
P219,2023-08-01,101
P220,2023-08-01,127
P221,2023-08-01,91
P222,2023-08-01,54
P223,2023-08-01,53
P224,2023-08-01,38
P225,2023-08-01,20
P226,2023-08-01,46
P227,2023-08-01,81
P228,2023-08-01,329
P229,2023-08-01,39
P230,2023-08-01,70
P231,2023-08-01,33
P232,2023-08-01,102
P233,2023-08-01,27
P234,2023-08-01,71
P235,2023-08-01,116
P236,2023-08-01,33
P237,2023-08-01,99
P238,2023-08-01,82
P239,2023-08-01,250
P240,2023-08-01,44
P241,2023-08-01,45
P242,2023-08-01,223
P243,2023-08-01,73
P244,2023-08-01,40
P245,2023-08-01,37
P246,2023-08-01,118
P247,2023-08-01,54
P248,2023-08-01,184
P249,2023-08-01,181
P250,2023-08-01,50
P001,2023-09-01,43
P002,2023-09-01,39
P003,2023-09-01,78
P004,2023-09-01,137
P005,2023-09-01,29
P006,2023-09-01,52
P007,2023-09-01,88
P008,2023-09-01,161
P009,2023-09-01,110
P010,2023-09-01,79
P011,2023-09-01,58
P012,2023-09-01,84
P013,2023-09-01,130
P014,2023-09-01,29
P015,2023-09-01,98
P016,2023-09-01,50
P017,2023-09-01,57
P018,2023-09-01,31
P019,2023-09-01,28
P020,2023-09-01,197
P021,2023-09-01,44
P022,2023-09-01,37
P023,2023-09-01,61
P024,2023-09-01,49
P025,2023-09-01,70
P026,2023-09-01,143
P027,2023-09-01,47
P028,2023-09-01,70
P029,2023-09-01,31
P030,2023-09-01,163
P031,2023-09-01,293
P032,2023-09-01,34
P033,2023-09-01,89
P034,2023-09-01,121
P035,2023-09-01,86
P036,2023-09-01,33
P037,2023-09-01,224
P038,2023-09-01,142
P039,2023-09-01,83
P040,2023-09-01,81
P041,2023-09-01,63
P042,2023-09-01,56
P043,2023-09-01,90
P044,2023-09-01,29
P045,2023-09-01,35
P046,2023-09-01,110
P047,2023-09-01,172
P048,2023-09-01,216
P049,2023-09-01,60
P050,2023-09-01,38
P051,2023-09-01,24
P052,2023-09-01,46
P053,2023-09-01,71
P054,2023-09-01,76
P055,2023-09-01,62
P056,2023-09-01,276
P057,2023-09-01,67
P058,2023-09-01,162
P059,2023-09-01,67
P060,2023-09-01,163
P061,2023-09-01,35
P062,2023-09-01,67
P063,2023-09-01,113
P064,2023-09-01,83
P065,2023-09-01,103
P066,2023-09-01,111
P067,2023-09-01,99
P068,2023-09-01,65
P069,2023-09-01,100
P070,2023-09-01,140
P071,2023-09-01,141
P072,2023-09-01,94
P073,2023-09-01,28
P074,2023-09-01,46
P075,2023-09-01,53
P076,2023-09-01,102
P077,2023-09-01,27
P078,2023-09-01,33
P079,2023-09-01,55
P080,2023-09-01,60
P081,2023-09-01,35
P082,2023-09-01,160
P083,2023-09-01,123
P084,2023-09-01,558
P085,2023-09-01,161
P086,2023-09-01,171
P087,2023-09-01,256
P088,2023-09-01,43
P089,2023-09-01,23
P090,2023-09-01,68
P091,2023-09-01,34
P092,2023-09-01,36
P093,2023-09-01,31
P094,2023-09-01,105
P095,2023-09-01,89
P096,2023-09-01,66
P097,2023-09-01,80
P098,2023-09-01,62
P099,2023-09-01,28
P100,2023-09-01,54
P101,2023-09-01,71
P102,2023-09-01,85
P103,2023-09-01,111
P104,2023-09-01,162
P105,2023-09-01,47
P106,2023-09-01,61
P107,2023-09-01,34
P108,2023-09-01,52
P109,2023-09-01,101
P110,2023-09-01,63
P111,2023-09-01,198
P112,2023-09-01,65
P113,2023-09-01,31
P114,2023-09-01,107
P115,2023-09-01,74
P116,2023-09-01,95
P117,2023-09-01,63
P118,2023-09-01,94
P119,2023-09-01,44
P120,2023-09-01,43
P121,2023-09-01,174
P122,2023-09-01,78
P123,2023-09-01,43
P124,2023-09-01,89
P125,2023-09-01,83
P126,2023-09-01,46
P127,2023-09-01,138
P128,2023-09-01,91
P129,2023-09-01,97
P130,2023-09-01,22
P131,2023-09-01,83
P132,2023-09-01,61
P133,2023-09-01,154
P134,2023-09-01,222
P135,2023-09-01,176
P136,2023-09-01,83
P137,2023-09-01,67
P138,2023-09-01,244
P139,2023-09-01,48
P140,2023-09-01,33
P141,2023-09-01,56
P142,2023-09-01,102
P143,2023-09-01,74
P144,2023-09-01,85
P145,2023-09-01,33
P146,2023-09-01,36
P147,2023-09-01,88
P148,2023-09-01,140
P149,2023-09-01,103
P150,2023-09-01,68
P151,2023-09-01,81
P152,2023-09-01,30
P153,2023-09-01,102
P154,2023-09-01,44
P155,2023-09-01,121
P156,2023-09-01,58
P157,2023-09-01,125
P158,2023-09-01,89
P159,2023-09-01,77
P160,2023-09-01,89
P161,2023-09-01,30
P162,2023-09-01,73
P163,2023-09-01,29
P164,2023-09-01,155
P165,2023-09-01,33
P166,2023-09-01,98
P167,2023-09-01,82
P168,2023-09-01,111
P169,2023-09-01,97
P170,2023-09-01,73
P171,2023-09-01,145
P172,2023-09-01,74
P173,2023-09-01,161
P174,2023-09-01,104
P175,2023-09-01,45
P176,2023-09-01,238
P177,2023-09-01,253
P178,2023-09-01,75
P179,2023-09-01,37
P180,2023-09-01,23
P181,2023-09-01,129
P182,2023-09-01,72
P183,2023-09-01,29
P184,2023-09-01,114
P185,2023-09-01,100
P186,2023-09-01,29
P187,2023-09-01,45
P188,2023-09-01,170
P189,2023-09-01,292
P190,2023-09-01,90
P191,2023-09-01,89
P192,2023-09-01,174
P193,2023-09-01,110
P194,2023-09-01,78
P195,2023-09-01,42
P196,2023-09-01,13
P197,2023-09-01,86
P198,2023-09-01,37
P199,2023-09-01,129
P200,2023-09-01,38
P201,2023-09-01,92
P202,2023-09-01,91
P203,2023-09-01,134
P204,2023-09-01,72
P205,2023-09-01,224
P206,2023-09-01,49
P207,2023-09-01,92
P208,2023-09-01,83
P209,2023-09-01,89
P210,2023-09-01,181
P211,2023-09-01,105
P212,2023-09-01,37
P213,2023-09-01,114
P214,2023-09-01,57
P215,2023-09-01,56
P216,2023-09-01,135
P217,2023-09-01,58
P218,2023-09-01,63
P219,2023-09-01,80
P220,2023-09-01,141
P221,2023-09-01,85
P222,2023-09-01,53
P223,2023-09-01,65
P224,2023-09-01,29
P225,2023-09-01,52
P226,2023-09-01,43
P227,2023-09-01,70
P228,2023-09-01,240
P229,2023-09-01,44
P230,2023-09-01,42
P231,2023-09-01,31
P232,2023-09-01,114
P233,2023-09-01,32
P234,2023-09-01,37
P235,2023-09-01,131
P236,2023-09-01,36
P237,2023-09-01,81
P238,2023-09-01,106
P239,2023-09-01,207
P240,2023-09-01,55
P241,2023-09-01,53
P242,2023-09-01,167
P243,2023-09-01,39
P244,2023-09-01,55
P245,2023-09-01,38
P246,2023-09-01,41
P247,2023-09-01,19
P248,2023-09-01,90
P249,2023-09-01,154
P250,2023-09-01,48
P001,2023-10-01,52
P002,2023-10-01,27
P003,2023-10-01,64
P004,2023-10-01,111
P005,2023-10-01,28
P006,2023-10-01,36
P007,2023-10-01,59
P008,2023-10-01,164
P009,2023-10-01,92
P010,2023-10-01,78
P011,2023-10-01,55
P012,2023-10-01,106
P013,2023-10-01,167
P014,2023-10-01,31
P015,2023-10-01,108
P016,2023-10-01,65
P017,2023-10-01,43
P018,2023-10-01,26
P019,2023-10-01,30
P020,2023-10-01,154
P021,2023-10-01,53
P022,2023-10-01,31
P023,2023-10-01,43
P024,2023-10-01,48
P025,2023-10-01,78
P026,2023-10-01,171
P027,2023-10-01,49
P028,2023-10-01,61
P029,2023-10-01,38
P030,2023-10-01,164
P031,2023-10-01,89
P032,2023-10-01,42
P033,2023-10-01,137
P034,2023-10-01,151
P035,2023-10-01,61
P036,2023-10-01,30
P037,2023-10-01,218
P038,2023-10-01,64
P039,2023-10-01,116
P040,2023-10-01,188
P041,2023-10-01,65
P042,2023-10-01,96
P043,2023-10-01,114
P044,2023-10-01,72
P045,2023-10-01,29
P046,2023-10-01,119
P047,2023-10-01,81
P048,2023-10-01,35
P049,2023-10-01,51
P050,2023-10-01,31
P051,2023-10-01,33
P052,2023-10-01,45
P053,2023-10-01,64
P054,2023-10-01,72
P055,2023-10-01,70
P056,2023-10-01,132
P057,2023-10-01,59
P058,2023-10-01,110
P059,2023-10-01,64
P060,2023-10-01,162
P061,2023-10-01,27
P062,2023-10-01,31
P063,2023-10-01,82
P064,2023-10-01,64
P065,2023-10-01,105
P066,2023-10-01,195
P067,2023-10-01,125
P068,2023-10-01,102
P069,2023-10-01,87
P070,2023-10-01,94
P071,2023-10-01,106
P072,2023-10-01,135
P073,2023-10-01,79
P074,2023-10-01,42
P075,2023-10-01,51
P076,2023-10-01,108
P077,2023-10-01,28
P078,2023-10-01,31
P079,2023-10-01,58
P080,2023-10-01,56
P081,2023-10-01,35
P082,2023-10-01,160
P083,2023-10-01,122
P084,2023-10-01,227
P085,2023-10-01,123
P086,2023-10-01,132
P087,2023-10-01,246
P088,2023-10-01,47
P089,2023-10-01,23
P090,2023-10-01,63
P091,2023-10-01,42
P092,2023-10-01,33
P093,2023-10-01,36
P094,2023-10-01,87
P095,2023-10-01,82
P096,2023-10-01,70
P097,2023-10-01,96
P098,2023-10-01,63
P099,2023-10-01,103
P100,2023-10-01,77
P101,2023-10-01,64
P102,2023-10-01,130
P103,2023-10-01,125
P104,2023-10-01,168
P105,2023-10-01,42
P106,2023-10-01,59
P107,2023-10-01,37
P108,2023-10-01,53
P109,2023-10-01,54
P110,2023-10-01,35
P111,2023-10-01,157
P112,2023-10-01,43
P113,2023-10-01,38
P114,2023-10-01,77
P115,2023-10-01,72
P116,2023-10-01,79
P117,2023-10-01,62
P118,2023-10-01,83
P119,2023-10-01,20
P120,2023-10-01,43
P121,2023-10-01,55
P122,2023-10-01,65
P123,2023-10-01,50
P124,2023-10-01,78
P125,2023-10-01,93
P126,2023-10-01,33
P127,2023-10-01,63
P128,2023-10-01,70
P129,2023-10-01,78
P130,2023-10-01,37
P131,2023-10-01,99
P132,2023-10-01,54
P133,2023-10-01,101
P134,2023-10-01,193
P135,2023-10-01,182
P136,2023-10-01,60
P137,2023-10-01,48
P138,2023-10-01,101
P139,2023-10-01,40
P140,2023-10-01,35
P141,2023-10-01,55
P142,2023-10-01,103
P143,2023-10-01,141
P144,2023-10-01,152
P145,2023-10-01,30
P146,2023-10-01,25
P147,2023-10-01,53
P148,2023-10-01,116
P149,2023-10-01,67
P150,2023-10-01,46
P151,2023-10-01,69
P152,2023-10-01,31
P153,2023-10-01,154
P154,2023-10-01,52
P155,2023-10-01,214
P156,2023-10-01,78
P157,2023-10-01,120
P158,2023-10-01,63
P159,2023-10-01,56
P160,2023-10-01,82
P161,2023-10-01,30
P162,2023-10-01,51
P163,2023-10-01,232
P164,2023-10-01,191
P165,2023-10-01,52
P166,2023-10-01,90
P167,2023-10-01,77
P168,2023-10-01,108
P169,2023-10-01,58
P170,2023-10-01,39
P171,2023-10-01,140
P172,2023-10-01,90
P173,2023-10-01,138
P174,2023-10-01,90
P175,2023-10-01,65
P176,2023-10-01,52
P177,2023-10-01,228
P178,2023-10-01,73
P179,2023-10-01,26
P180,2023-10-01,33
P181,2023-10-01,148
P182,2023-10-01,79
P183,2023-10-01,31
P184,2023-10-01,102
P185,2023-10-01,72
P186,2023-10-01,29
P187,2023-10-01,133
P188,2023-10-01,147
P189,2023-10-01,313
P190,2023-10-01,64
P191,2023-10-01,68
P192,2023-10-01,133
P193,2023-10-01,66
P194,2023-10-01,85
P195,2023-10-01,43
P196,2023-10-01,7
P197,2023-10-01,102
P198,2023-10-01,29
P199,2023-10-01,129
P200,2023-10-01,47
P201,2023-10-01,70
P202,2023-10-01,81
P203,2023-10-01,109
P204,2023-10-01,79
P205,2023-10-01,170
P206,2023-10-01,41
P207,2023-10-01,94
P208,2023-10-01,75
P209,2023-10-01,70
P210,2023-10-01,118
P211,2023-10-01,90
P212,2023-10-01,33
P213,2023-10-01,115
P214,2023-10-01,77
P215,2023-10-01,52
P216,2023-10-01,107
P217,2023-10-01,54
P218,2023-10-01,57
P219,2023-10-01,65
P220,2023-10-01,85
P221,2023-10-01,120
P222,2023-10-01,61
P223,2023-10-01,50
P224,2023-10-01,32
P225,2023-10-01,82
P226,2023-10-01,43
P227,2023-10-01,64
P228,2023-10-01,216
P229,2023-10-01,50
P230,2023-10-01,57
P231,2023-10-01,26
P232,2023-10-01,104
P233,2023-10-01,28
P234,2023-10-01,38
P235,2023-10-01,132
P236,2023-10-01,37
P237,2023-10-01,66
P238,2023-10-01,95
P239,2023-10-01,161
P240,2023-10-01,38
P241,2023-10-01,47
P242,2023-10-01,199
P243,2023-10-01,76
P244,2023-10-01,36
P245,2023-10-01,33
P246,2023-10-01,36
P247,2023-10-01,34
P248,2023-10-01,151
P249,2023-10-01,91
P250,2023-10-01,33
P001,2023-11-01,58
P002,2023-11-01,28
P003,2023-11-01,68
P004,2023-11-01,128
P005,2023-11-01,39
P006,2023-11-01,61
P007,2023-11-01,71
P008,2023-11-01,94
P009,2023-11-01,68
P010,2023-11-01,44
P011,2023-11-01,54
P012,2023-11-01,92
P013,2023-11-01,101
P014,2023-11-01,28
P015,2023-11-01,85
P016,2023-11-01,68
P017,2023-11-01,51
P018,2023-11-01,34
P019,2023-11-01,39
P020,2023-11-01,187
P021,2023-11-01,44
P022,2023-11-01,42
P023,2023-11-01,37
P024,2023-11-01,40
P025,2023-11-01,57
P026,2023-11-01,121
P027,2023-11-01,48
P028,2023-11-01,80
P029,2023-11-01,39
P030,2023-11-01,207
P031,2023-11-01,64
P032,2023-11-01,36
P033,2023-11-01,124
P034,2023-11-01,139
P035,2023-11-01,87
P036,2023-11-01,35
P037,2023-11-01,212
P038,2023-11-01,94
P039,2023-11-01,134
P040,2023-11-01,65
P041,2023-11-01,54
P042,2023-11-01,65
P043,2023-11-01,148
P044,2023-11-01,272
P045,2023-11-01,49
P046,2023-11-01,84
P047,2023-11-01,189
P048,2023-11-01,76
P049,2023-11-01,69
P050,2023-11-01,32
P051,2023-11-01,26
P052,2023-11-01,44
P053,2023-11-01,50
P054,2023-11-01,56
P055,2023-11-01,87
P056,2023-11-01,99
P057,2023-11-01,58
P058,2023-11-01,107
P059,2023-11-01,66
P060,2023-11-01,196
P061,2023-11-01,23
P062,2023-11-01,47
P063,2023-11-01,89
P064,2023-11-01,61
P065,2023-11-01,79
P066,2023-11-01,67
P067,2023-11-01,133
P068,2023-11-01,138
P069,2023-11-01,113
P070,2023-11-01,175
P071,2023-11-01,105
P072,2023-11-01,128
P073,2023-11-01,78
P074,2023-11-01,52
P075,2023-11-01,48
P076,2023-11-01,104
P077,2023-11-01,25
P078,2023-11-01,38
P079,2023-11-01,34
P080,2023-11-01,48
P081,2023-11-01,33
P082,2023-11-01,259
P083,2023-11-01,104
P084,2023-11-01,230
P085,2023-11-01,144
P086,2023-11-01,133
P087,2023-11-01,224
P088,2023-11-01,34
P089,2023-11-01,35
P090,2023-11-01,66
P091,2023-11-01,68
P092,2023-11-01,195
P093,2023-11-01,41
P094,2023-11-01,91
P095,2023-11-01,83
P096,2023-11-01,68
P097,2023-11-01,72
P098,2023-11-01,52
P099,2023-11-01,181
P100,2023-11-01,62
P101,2023-11-01,53
P102,2023-11-01,92
P103,2023-11-01,116
P104,2023-11-01,146
P105,2023-11-01,41
P106,2023-11-01,41
P107,2023-11-01,26
P108,2023-11-01,63
P109,2023-11-01,86
P110,2023-11-01,63
P111,2023-11-01,165
P112,2023-11-01,56
P113,2023-11-01,37
P114,2023-11-01,91
P115,2023-11-01,89
P116,2023-11-01,117
P117,2023-11-01,66
P118,2023-11-01,66
P119,2023-11-01,24
P120,2023-11-01,56
P121,2023-11-01,78
P122,2023-11-01,63
P123,2023-11-01,51
P124,2023-11-01,93
P125,2023-11-01,114
P126,2023-11-01,41
P127,2023-11-01,98
P128,2023-11-01,96
P129,2023-11-01,98
P130,2023-11-01,29
P131,2023-11-01,86
P132,2023-11-01,81
P133,2023-11-01,83
P134,2023-11-01,202
P135,2023-11-01,157
P136,2023-11-01,62
P137,2023-11-01,80
P138,2023-11-01,71
P139,2023-11-01,36
P140,2023-11-01,42
P141,2023-11-01,59
P142,2023-11-01,133
P143,2023-11-01,66
P144,2023-11-01,200
P145,2023-11-01,32
P146,2023-11-01,33
P147,2023-11-01,53
P148,2023-11-01,89
P149,2023-11-01,67
P150,2023-11-01,37
P151,2023-11-01,54
P152,2023-11-01,32
P153,2023-11-01,103
P154,2023-11-01,69
P155,2023-11-01,72
P156,2023-11-01,85
P157,2023-11-01,106
P158,2023-11-01,96
P159,2023-11-01,53
P160,2023-11-01,88
P161,2023-11-01,34
P162,2023-11-01,68
P163,2023-11-01,141
P164,2023-11-01,119
P165,2023-11-01,38
P166,2023-11-01,97
P167,2023-11-01,74
P168,2023-11-01,109
P169,2023-11-01,64
P170,2023-11-01,101
P171,2023-11-01,148
P172,2023-11-01,69
P173,2023-11-01,170
P174,2023-11-01,112
P175,2023-11-01,61
P176,2023-11-01,82
P177,2023-11-01,155
P178,2023-11-01,74
P179,2023-11-01,45
P180,2023-11-01,31
P181,2023-11-01,121
P182,2023-11-01,93
P183,2023-11-01,46
P184,2023-11-01,58
P185,2023-11-01,86
P186,2023-11-01,25
P187,2023-11-01,99
P188,2023-11-01,118
P189,2023-11-01,366
P190,2023-11-01,84
P191,2023-11-01,93
P192,2023-11-01,205
P193,2023-11-01,47
P194,2023-11-01,63
P195,2023-11-01,47
P196,2023-11-01,26
P197,2023-11-01,79
P198,2023-11-01,29
P199,2023-11-01,127
P200,2023-11-01,43
P201,2023-11-01,84
P202,2023-11-01,64
P203,2023-11-01,141
P204,2023-11-01,96
P205,2023-11-01,707
P206,2023-11-01,34
P207,2023-11-01,101
P208,2023-11-01,67
P209,2023-11-01,65
P210,2023-11-01,291
P211,2023-11-01,70
P212,2023-11-01,40
P213,2023-11-01,100
P214,2023-11-01,66
P215,2023-11-01,34
P216,2023-11-01,124
P217,2023-11-01,45
P218,2023-11-01,50
P219,2023-11-01,68
P220,2023-11-01,109
P221,2023-11-01,93
P222,2023-11-01,81
P223,2023-11-01,55
P224,2023-11-01,43
P225,2023-11-01,29
P226,2023-11-01,40
P227,2023-11-01,71
P228,2023-11-01,179
P229,2023-11-01,53
P230,2023-11-01,55
P231,2023-11-01,24
P232,2023-11-01,67
P233,2023-11-01,24
P234,2023-11-01,43
P235,2023-11-01,111
P236,2023-11-01,30
P237,2023-11-01,72
P238,2023-11-01,108
P239,2023-11-01,135
P240,2023-11-01,47
P241,2023-11-01,53
P242,2023-11-01,148
P243,2023-11-01,91
P244,2023-11-01,46
P245,2023-11-01,51
P246,2023-11-01,38
P247,2023-11-01,40
P248,2023-11-01,51
P249,2023-11-01,122
P250,2023-11-01,29
P001,2023-12-01,43
P002,2023-12-01,33
P003,2023-12-01,51
P004,2023-12-01,116
P005,2023-12-01,29
P006,2023-12-01,55
P007,2023-12-01,91
P008,2023-12-01,141
P009,2023-12-01,100
P010,2023-12-01,86
P011,2023-12-01,67
P012,2023-12-01,82
P013,2023-12-01,205
P014,2023-12-01,21
P015,2023-12-01,104
P016,2023-12-01,77
P017,2023-12-01,37
P018,2023-12-01,33
P019,2023-12-01,39
P020,2023-12-01,215
P021,2023-12-01,47
P022,2023-12-01,37
P023,2023-12-01,52
P024,2023-12-01,42
P025,2023-12-01,80
P026,2023-12-01,169
P027,2023-12-01,52
P028,2023-12-01,69
P029,2023-12-01,31
P030,2023-12-01,163
P031,2023-12-01,51
P032,2023-12-01,43
P033,2023-12-01,115
P034,2023-12-01,134
P035,2023-12-01,71
P036,2023-12-01,30
P037,2023-12-01,188
P038,2023-12-01,66
P039,2023-12-01,97
P040,2023-12-01,38
P041,2023-12-01,64
P042,2023-12-01,50
P043,2023-12-01,134
P044,2023-12-01,93
P045,2023-12-01,53
P046,2023-12-01,88
P047,2023-12-01,171
P048,2023-12-01,43
P049,2023-12-01,100
P050,2023-12-01,30
P051,2023-12-01,32
P052,2023-12-01,60
P053,2023-12-01,56
P054,2023-12-01,74
P055,2023-12-01,71
P056,2023-12-01,186
P057,2023-12-01,75
P058,2023-12-01,133
P059,2023-12-01,84
P060,2023-12-01,158
P061,2023-12-01,37
P062,2023-12-01,43
P063,2023-12-01,119
P064,2023-12-01,58
P065,2023-12-01,114
P066,2023-12-01,71
P067,2023-12-01,110
P068,2023-12-01,92
P069,2023-12-01,69
P070,2023-12-01,164
P071,2023-12-01,143
P072,2023-12-01,130
P073,2023-12-01,49
P074,2023-12-01,47
P075,2023-12-01,51
P076,2023-12-01,107
P077,2023-12-01,26
P078,2023-12-01,28
P079,2023-12-01,40
P080,2023-12-01,227
P081,2023-12-01,27
P082,2023-12-01,36
P083,2023-12-01,111
P084,2023-12-01,283
P085,2023-12-01,182
P086,2023-12-01,102
P087,2023-12-01,174
P088,2023-12-01,55
P089,2023-12-01,33
P090,2023-12-01,51
P091,2023-12-01,58
P092,2023-12-01,25
P093,2023-12-01,40
P094,2023-12-01,79
P095,2023-12-01,92
P096,2023-12-01,62
P097,2023-12-01,68
P098,2023-12-01,63
P099,2023-12-01,130
P100,2023-12-01,67
P101,2023-12-01,60
P102,2023-12-01,112
P103,2023-12-01,126
P104,2023-12-01,155
P105,2023-12-01,32
P106,2023-12-01,51
P107,2023-12-01,32
P108,2023-12-01,57
P109,2023-12-01,87
P110,2023-12-01,68
P111,2023-12-01,215
P112,2023-12-01,55
P113,2023-12-01,23
P114,2023-12-01,84
P115,2023-12-01,61
P116,2023-12-01,95
P117,2023-12-01,84
P118,2023-12-01,81
P119,2023-12-01,30
P120,2023-12-01,55
P121,2023-12-01,278
P122,2023-12-01,37
P123,2023-12-01,52
P124,2023-12-01,70
P125,2023-12-01,141
P126,2023-12-01,52
P127,2023-12-01,79
P128,2023-12-01,98
P129,2023-12-01,93
P130,2023-12-01,25
P131,2023-12-01,73
P132,2023-12-01,103
P133,2023-12-01,118
P134,2023-12-01,204
P135,2023-12-01,165
P136,2023-12-01,72
P137,2023-12-01,63
P138,2023-12-01,123
P139,2023-12-01,38
P140,2023-12-01,38
P141,2023-12-01,47
P142,2023-12-01,130
P143,2023-12-01,46
P144,2023-12-01,143
P145,2023-12-01,25
P146,2023-12-01,23
P147,2023-12-01,50
P148,2023-12-01,100
P149,2023-12-01,68
P150,2023-12-01,136
P151,2023-12-01,64
P152,2023-12-01,29
P153,2023-12-01,148
P154,2023-12-01,47
P155,2023-12-01,18
P156,2023-12-01,66
P157,2023-12-01,119
P158,2023-12-01,97
P159,2023-12-01,68
P160,2023-12-01,79
P161,2023-12-01,26
P162,2023-12-01,59
P163,2023-12-01,215
P164,2023-12-01,125
P165,2023-12-01,47
P166,2023-12-01,92
P167,2023-12-01,73
P168,2023-12-01,120
P169,2023-12-01,84
P170,2023-12-01,24
P171,2023-12-01,141
P172,2023-12-01,66
P173,2023-12-01,181
P174,2023-12-01,116
P175,2023-12-01,70
P176,2023-12-01,43
P177,2023-12-01,208
P178,2023-12-01,77
P179,2023-12-01,54
P180,2023-12-01,30
P181,2023-12-01,103
P182,2023-12-01,70
P183,2023-12-01,44
P184,2023-12-01,75
P185,2023-12-01,52
P186,2023-12-01,39
P187,2023-12-01,157
P188,2023-12-01,165
P189,2023-12-01,405
P190,2023-12-01,67
P191,2023-12-01,73
P192,2023-12-01,148
P193,2023-12-01,73
P194,2023-12-01,89
P195,2023-12-01,51
P196,2023-12-01,117
P197,2023-12-01,136
P198,2023-12-01,44
P199,2023-12-01,145
P200,2023-12-01,51
P201,2023-12-01,80
P202,2023-12-01,30
P203,2023-12-01,134
P204,2023-12-01,108
P205,2023-12-01,260
P206,2023-12-01,33
P207,2023-12-01,96
P208,2023-12-01,55
P209,2023-12-01,79
P210,2023-12-01,146
P211,2023-12-01,71
P212,2023-12-01,38
P213,2023-12-01,95
P214,2023-12-01,76
P215,2023-12-01,40
P216,2023-12-01,95
P217,2023-12-01,46
P218,2023-12-01,60
P219,2023-12-01,70
P220,2023-12-01,109
P221,2023-12-01,103
P222,2023-12-01,81
P223,2023-12-01,64
P224,2023-12-01,50
P225,2023-12-01,37
P226,2023-12-01,46
P227,2023-12-01,76
P228,2023-12-01,177
P229,2023-12-01,34
P230,2023-12-01,45
P231,2023-12-01,27
P232,2023-12-01,93
P233,2023-12-01,25
P234,2023-12-01,42
P235,2023-12-01,199
P236,2023-12-01,26
P237,2023-12-01,78
P238,2023-12-01,143
P239,2023-12-01,304
P240,2023-12-01,29
P241,2023-12-01,44
P242,2023-12-01,294
P243,2023-12-01,78
P244,2023-12-01,51
P245,2023-12-01,48
P246,2023-12-01,15
P247,2023-12-01,107
P248,2023-12-01,61
P249,2023-12-01,97
P250,2023-12-01,28
P001,2024-01-01,53
P002,2024-01-01,44
P003,2024-01-01,65
P004,2024-01-01,117
P005,2024-01-01,36
P006,2024-01-01,61
P007,2024-01-01,80
P008,2024-01-01,104
P009,2024-01-01,70
P010,2024-01-01,86
P011,2024-01-01,66
P012,2024-01-01,84
P013,2024-01-01,141
P014,2024-01-01,26
P015,2024-01-01,112
P016,2024-01-01,62
P017,2024-01-01,54
P018,2024-01-01,31
P019,2024-01-01,36
P020,2024-01-01,217
P021,2024-01-01,44
P022,2024-01-01,33
P023,2024-01-01,60
P024,2024-01-01,46
P025,2024-01-01,63
P026,2024-01-01,157
P027,2024-01-01,51
P028,2024-01-01,75
P029,2024-01-01,38
P030,2024-01-01,152
P031,2024-01-01,103
P032,2024-01-01,25
P033,2024-01-01,120
P034,2024-01-01,118
P035,2024-01-01,79
P036,2024-01-01,33
P037,2024-01-01,333
P038,2024-01-01,188
P039,2024-01-01,178
P040,2024-01-01,22
P041,2024-01-01,42
P042,2024-01-01,211
P043,2024-01-01,143
P044,2024-01-01,192
P045,2024-01-01,39
P046,2024-01-01,58
P047,2024-01-01,117
P048,2024-01-01,152
P049,2024-01-01,82
P050,2024-01-01,27
P051,2024-01-01,33
P052,2024-01-01,51
P053,2024-01-01,74
P054,2024-01-01,65
P055,2024-01-01,75
P056,2024-01-01,154
P057,2024-01-01,57
P058,2024-01-01,117
P059,2024-01-01,93
P060,2024-01-01,92
P061,2024-01-01,35
P062,2024-01-01,51
P063,2024-01-01,120
P064,2024-01-01,58
P065,2024-01-01,113
P066,2024-01-01,38
P067,2024-01-01,124
P068,2024-01-01,82
P069,2024-01-01,92
P070,2024-01-01,169
P071,2024-01-01,98
P072,2024-01-01,134
P073,2024-01-01,83
P074,2024-01-01,52
P075,2024-01-01,40
P076,2024-01-01,110
P077,2024-01-01,36
P078,2024-01-01,44
P079,2024-01-01,34
P080,2024-01-01,59
P081,2024-01-01,34
P082,2024-01-01,163
P083,2024-01-01,96
P084,2024-01-01,129
P085,2024-01-01,178
P086,2024-01-01,109
P087,2024-01-01,229
P088,2024-01-01,46
P089,2024-01-01,42
P090,2024-01-01,67
P091,2024-01-01,60
P092,2024-01-01,25
P093,2024-01-01,28
P094,2024-01-01,98
P095,2024-01-01,100
P096,2024-01-01,65
P097,2024-01-01,64
P098,2024-01-01,68
P099,2024-01-01,513
P100,2024-01-01,203
P101,2024-01-01,76
P102,2024-01-01,112
P103,2024-01-01,112
P104,2024-01-01,139
P105,2024-01-01,35
P106,2024-01-01,38
P107,2024-01-01,36
P108,2024-01-01,46
P109,2024-01-01,94
P110,2024-01-01,57
P111,2024-01-01,270
P112,2024-01-01,46
P113,2024-01-01,27
P114,2024-01-01,79
P115,2024-01-01,81
P116,2024-01-01,119
P117,2024-01-01,70
P118,2024-01-01,92
P119,2024-01-01,31
P120,2024-01-01,44
P121,2024-01-01,68
P122,2024-01-01,47
P123,2024-01-01,44
P124,2024-01-01,69
P125,2024-01-01,90
P126,2024-01-01,41
P127,2024-01-01,120
P128,2024-01-01,83
P129,2024-01-01,92
P130,2024-01-01,38
P131,2024-01-01,78
P132,2024-01-01,93
P133,2024-01-01,121
P134,2024-01-01,271
P135,2024-01-01,212
P136,2024-01-01,87
P137,2024-01-01,69
P138,2024-01-01,100
P139,2024-01-01,44
P140,2024-01-01,33
P141,2024-01-01,58
P142,2024-01-01,131
P143,2024-01-01,54
P144,2024-01-01,192
P145,2024-01-01,18
P146,2024-01-01,33
P147,2024-01-01,58
P148,2024-01-01,110
P149,2024-01-01,71
P150,2024-01-01,34
P151,2024-01-01,60
P152,2024-01-01,31
P153,2024-01-01,149
P154,2024-01-01,54
P155,2024-01-01,443
P156,2024-01-01,46
P157,2024-01-01,112
P158,2024-01-01,102
P159,2024-01-01,52
P160,2024-01-01,96
P161,2024-01-01,29
P162,2024-01-01,74
P163,2024-01-01,136
P164,2024-01-01,149
P165,2024-01-01,40
P166,2024-01-01,96
P167,2024-01-01,76
P168,2024-01-01,115
P169,2024-01-01,62
P170,2024-01-01,73
P171,2024-01-01,144
P172,2024-01-01,62
P173,2024-01-01,127
P174,2024-01-01,74
P175,2024-01-01,58
P176,2024-01-01,60
P177,2024-01-01,575
P178,2024-01-01,79
P179,2024-01-01,38
P180,2024-01-01,28
P181,2024-01-01,117
P182,2024-01-01,67
P183,2024-01-01,40
P184,2024-01-01,93
P185,2024-01-01,96
P186,2024-01-01,33
P187,2024-01-01,75
P188,2024-01-01,138
P189,2024-01-01,340
P190,2024-01-01,68
P191,2024-01-01,71
P192,2024-01-01,151
P193,2024-01-01,77
P194,2024-01-01,77
P195,2024-01-01,41
P196,2024-01-01,30
P197,2024-01-01,169
P198,2024-01-01,35
P199,2024-01-01,103
P200,2024-01-01,40
P201,2024-01-01,76
P202,2024-01-01,19
P203,2024-01-01,144
P204,2024-01-01,116
P205,2024-01-01,188
P206,2024-01-01,32
P207,2024-01-01,73
P208,2024-01-01,90
P209,2024-01-01,84
P210,2024-01-01,300
P211,2024-01-01,94
P212,2024-01-01,35
P213,2024-01-01,74
P214,2024-01-01,64
P215,2024-01-01,48
P216,2024-01-01,140
P217,2024-01-01,56
P218,2024-01-01,51
P219,2024-01-01,57
P220,2024-01-01,114
P221,2024-01-01,100
P222,2024-01-01,78
P223,2024-01-01,58
P224,2024-01-01,42
P225,2024-01-01,72
P226,2024-01-01,47
P227,2024-01-01,83
P228,2024-01-01,196
P229,2024-01-01,35
P230,2024-01-01,58
P231,2024-01-01,28
P232,2024-01-01,107
P233,2024-01-01,28
P234,2024-01-01,32
P235,2024-01-01,174
P236,2024-01-01,32
P237,2024-01-01,72
P238,2024-01-01,147
P239,2024-01-01,122
P240,2024-01-01,43
P241,2024-01-01,50
P242,2024-01-01,125
P243,2024-01-01,62
P244,2024-01-01,39
P245,2024-01-01,32
P246,2024-01-01,46
P247,2024-01-01,53
P248,2024-01-01,148
P249,2024-01-01,101
P250,2024-01-01,32
P001,2024-02-01,35
P002,2024-02-01,37
P003,2024-02-01,68
P004,2024-02-01,113
P005,2024-02-01,27
P006,2024-02-01,34
P007,2024-02-01,89
P008,2024-02-01,46
P009,2024-02-01,85
P010,2024-02-01,89
P011,2024-02-01,62
P012,2024-02-01,123
P013,2024-02-01,121
P014,2024-02-01,28
P015,2024-02-01,91
P016,2024-02-01,50
P017,2024-02-01,65
P018,2024-02-01,30
P019,2024-02-01,32
P020,2024-02-01,197
P021,2024-02-01,50
P022,2024-02-01,30
P023,2024-02-01,56
P024,2024-02-01,57
P025,2024-02-01,76
P026,2024-02-01,162
P027,2024-02-01,57
P028,2024-02-01,62
P029,2024-02-01,36
P030,2024-02-01,140
P031,2024-02-01,59
P032,2024-02-01,43
P033,2024-02-01,124
P034,2024-02-01,128
P035,2024-02-01,78
P036,2024-02-01,24
P037,2024-02-01,251
P038,2024-02-01,226
P039,2024-02-01,125
P040,2024-02-01,40
P041,2024-02-01,62
P042,2024-02-01,106
P043,2024-02-01,107
P044,2024-02-01,34
P045,2024-02-01,42
P046,2024-02-01,61
P047,2024-02-01,424
P048,2024-02-01,60
P049,2024-02-01,81
P050,2024-02-01,35
P051,2024-02-01,25
P052,2024-02-01,59
P053,2024-02-01,50
P054,2024-02-01,72
P055,2024-02-01,67
P056,2024-02-01,248
P057,2024-02-01,76
P058,2024-02-01,120
P059,2024-02-01,84
P060,2024-02-01,143
P061,2024-02-01,28
P062,2024-02-01,54
P063,2024-02-01,136
P064,2024-02-01,62
P065,2024-02-01,84
P066,2024-02-01,93
P067,2024-02-01,97
P068,2024-02-01,217
P069,2024-02-01,111
P070,2024-02-01,155
P071,2024-02-01,131
P072,2024-02-01,106
P073,2024-02-01,55
P074,2024-02-01,67
P075,2024-02-01,40
P076,2024-02-01,95
P077,2024-02-01,24
P078,2024-02-01,36
P079,2024-02-01,51
P080,2024-02-01,41
P081,2024-02-01,32
P082,2024-02-01,90
P083,2024-02-01,92
P084,2024-02-01,192
P085,2024-02-01,168
P086,2024-02-01,105
P087,2024-02-01,259
P088,2024-02-01,60
P089,2024-02-01,40
P090,2024-02-01,57
P091,2024-02-01,52
P092,2024-02-01,55
P093,2024-02-01,48
P094,2024-02-01,95
P095,2024-02-01,77
P096,2024-02-01,49
P097,2024-02-01,91
P098,2024-02-01,67
P099,2024-02-01,70
P100,2024-02-01,79
P101,2024-02-01,55
P102,2024-02-01,108
P103,2024-02-01,134
P104,2024-02-01,130
P105,2024-02-01,42
P106,2024-02-01,51
P107,2024-02-01,27
P108,2024-02-01,54
P109,2024-02-01,122
P110,2024-02-01,67
P111,2024-02-01,168
P112,2024-02-01,40
P113,2024-02-01,44
P114,2024-02-01,108
P115,2024-02-01,72
P116,2024-02-01,92
P117,2024-02-01,68
P118,2024-02-01,101
P119,2024-02-01,29
P120,2024-02-01,54
P121,2024-02-01,69
P122,2024-02-01,50
P123,2024-02-01,47
P124,2024-02-01,84
P125,2024-02-01,82
P126,2024-02-01,48
P127,2024-02-01,212
P128,2024-02-01,110
P129,2024-02-01,96
P130,2024-02-01,24
P131,2024-02-01,87
P132,2024-02-01,61
P133,2024-02-01,147
P134,2024-02-01,265
P135,2024-02-01,206
P136,2024-02-01,63
P137,2024-02-01,64
P138,2024-02-01,104
P139,2024-02-01,33
P140,2024-02-01,29
P141,2024-02-01,44
P142,2024-02-01,119
P143,2024-02-01,85
P144,2024-02-01,163
P145,2024-02-01,29
P146,2024-02-01,34
P147,2024-02-01,58
P148,2024-02-01,115
P149,2024-02-01,57
P150,2024-02-01,47
P151,2024-02-01,58
P152,2024-02-01,31
P153,2024-02-01,125
P154,2024-02-01,53
P155,2024-02-01,123
P156,2024-02-01,61
P157,2024-02-01,127
P158,2024-02-01,89
P159,2024-02-01,83
P160,2024-02-01,82
P161,2024-02-01,30
P162,2024-02-01,77
P163,2024-02-01,271
P164,2024-02-01,147
P165,2024-02-01,23
P166,2024-02-01,97
P167,2024-02-01,78
P168,2024-02-01,143
P169,2024-02-01,66
P170,2024-02-01,71
P171,2024-02-01,145
P172,2024-02-01,71
P173,2024-02-01,297
P174,2024-02-01,104
P175,2024-02-01,55
P176,2024-02-01,78
P177,2024-02-01,289
P178,2024-02-01,94
P179,2024-02-01,45
P180,2024-02-01,28
P181,2024-02-01,87
P182,2024-02-01,81
P183,2024-02-01,42
P184,2024-02-01,90
P185,2024-02-01,78
P186,2024-02-01,28
P187,2024-02-01,106
P188,2024-02-01,156
P189,2024-02-01,422
P190,2024-02-01,85
P191,2024-02-01,69
P192,2024-02-01,185
P193,2024-02-01,30
P194,2024-02-01,60
P195,2024-02-01,57
P196,2024-02-01,29
P197,2024-02-01,132
P198,2024-02-01,36
P199,2024-02-01,126
P200,2024-02-01,53
P201,2024-02-01,84
P202,2024-02-01,59
P203,2024-02-01,132
P204,2024-02-01,121
P205,2024-02-01,271
P206,2024-02-01,40
P207,2024-02-01,74
P208,2024-02-01,80
P209,2024-02-01,81
P210,2024-02-01,230
P211,2024-02-01,98
P212,2024-02-01,30
P213,2024-02-01,98
P214,2024-02-01,55
P215,2024-02-01,42
P216,2024-02-01,117
P217,2024-02-01,44
P218,2024-02-01,76
P219,2024-02-01,54
P220,2024-02-01,87
P221,2024-02-01,102
P222,2024-02-01,64
P223,2024-02-01,63
P224,2024-02-01,42
P225,2024-02-01,80
P226,2024-02-01,46
P227,2024-02-01,70
P228,2024-02-01,175
P229,2024-02-01,49
P230,2024-02-01,54
P231,2024-02-01,29
P232,2024-02-01,87
P233,2024-02-01,30
P234,2024-02-01,38
P235,2024-02-01,144
P236,2024-02-01,25
P237,2024-02-01,80
P238,2024-02-01,136
P239,2024-02-01,555
P240,2024-02-01,37
P241,2024-02-01,58
P242,2024-02-01,557
P243,2024-02-01,0
P244,2024-02-01,49
P245,2024-02-01,46
P246,2024-02-01,21
P247,2024-02-01,75
P248,2024-02-01,166
P249,2024-02-01,86
P250,2024-02-01,38
P001,2024-03-01,44
P002,2024-03-01,28
P003,2024-03-01,78
P004,2024-03-01,133
P005,2024-03-01,33
P006,2024-03-01,58
P007,2024-03-01,80
P008,2024-03-01,237
P009,2024-03-01,79
P010,2024-03-01,74
P011,2024-03-01,47
P012,2024-03-01,92
P013,2024-03-01,53
P014,2024-03-01,30
P015,2024-03-01,98
P016,2024-03-01,57
P017,2024-03-01,41
P018,2024-03-01,29
P019,2024-03-01,37
P020,2024-03-01,149
P021,2024-03-01,40
P022,2024-03-01,36
P023,2024-03-01,51
P024,2024-03-01,48
P025,2024-03-01,59
P026,2024-03-01,170
P027,2024-03-01,51
P028,2024-03-01,69
P029,2024-03-01,39
P030,2024-03-01,180
P031,2024-03-01,73
P032,2024-03-01,40
P033,2024-03-01,107
P034,2024-03-01,157
P035,2024-03-01,93
P036,2024-03-01,27
P037,2024-03-01,136
P038,2024-03-01,147
P039,2024-03-01,131
P040,2024-03-01,64
P041,2024-03-01,48
P042,2024-03-01,53
P043,2024-03-01,131
P044,2024-03-01,71
P045,2024-03-01,33
P046,2024-03-01,84
P047,2024-03-01,169
P048,2024-03-01,5
P049,2024-03-01,66
P050,2024-03-01,33
P051,2024-03-01,20
P052,2024-03-01,43
P053,2024-03-01,72
P054,2024-03-01,78
P055,2024-03-01,59
P056,2024-03-01,205
P057,2024-03-01,74
P058,2024-03-01,128
P059,2024-03-01,79
P060,2024-03-01,146
P061,2024-03-01,33
P062,2024-03-01,51
P063,2024-03-01,159
P064,2024-03-01,73
P065,2024-03-01,112
P066,2024-03-01,108
P067,2024-03-01,101
P068,2024-03-01,84
P069,2024-03-01,110
P070,2024-03-01,142
P071,2024-03-01,102
P072,2024-03-01,123
P073,2024-03-01,93
P074,2024-03-01,40
P075,2024-03-01,53
P076,2024-03-01,89
P077,2024-03-01,33
P078,2024-03-01,73
P079,2024-03-01,36
P080,2024-03-01,54
P081,2024-03-01,32
P082,2024-03-01,138
P083,2024-03-01,99
P084,2024-03-01,144
P085,2024-03-01,115
P086,2024-03-01,129
P087,2024-03-01,244
P088,2024-03-01,45
P089,2024-03-01,34
P090,2024-03-01,65
P091,2024-03-01,39
P092,2024-03-01,77
P093,2024-03-01,34
P094,2024-03-01,92
P095,2024-03-01,87
P096,2024-03-01,49
P097,2024-03-01,72
P098,2024-03-01,75
P099,2024-03-01,110
P100,2024-03-01,88
P101,2024-03-01,62
P102,2024-03-01,106
P103,2024-03-01,149
P104,2024-03-01,142
P105,2024-03-01,27
P106,2024-03-01,44
P107,2024-03-01,34
P108,2024-03-01,80
P109,2024-03-01,82
P110,2024-03-01,56
P111,2024-03-01,271
P112,2024-03-01,46
P113,2024-03-01,34
P114,2024-03-01,63
P115,2024-03-01,85
P116,2024-03-01,80
P117,2024-03-01,95
P118,2024-03-01,83
P119,2024-03-01,41
P120,2024-03-01,51
P121,2024-03-01,59
P122,2024-03-01,73
P123,2024-03-01,40
P124,2024-03-01,72
P125,2024-03-01,77
P126,2024-03-01,47
P127,2024-03-01,162
P128,2024-03-01,85
P129,2024-03-01,75
P130,2024-03-01,31
P131,2024-03-01,77
P132,2024-03-01,114
P133,2024-03-01,103
P134,2024-03-01,207
P135,2024-03-01,137
P136,2024-03-01,71
P137,2024-03-01,53
P138,2024-03-01,136
P139,2024-03-01,36
P140,2024-03-01,36
P141,2024-03-01,71
P142,2024-03-01,143
P143,2024-03-01,32
P144,2024-03-01,148
P145,2024-03-01,24
P146,2024-03-01,31
P147,2024-03-01,43
P148,2024-03-01,127
P149,2024-03-01,67
P150,2024-03-01,44
P151,2024-03-01,54
P152,2024-03-01,34
P153,2024-03-01,149
P154,2024-03-01,35
P155,2024-03-01,124
P156,2024-03-01,34
P157,2024-03-01,121
P158,2024-03-01,106
P159,2024-03-01,59
P160,2024-03-01,69
P161,2024-03-01,31
P162,2024-03-01,50
P163,2024-03-01,199
P164,2024-03-01,119
P165,2024-03-01,41
P166,2024-03-01,80
P167,2024-03-01,63
P168,2024-03-01,107
P169,2024-03-01,72
P170,2024-03-01,79
P171,2024-03-01,112
P172,2024-03-01,71
P173,2024-03-01,77
P174,2024-03-01,28
P175,2024-03-01,73
P176,2024-03-01,64
P177,2024-03-01,178
P178,2024-03-01,82
P179,2024-03-01,54
P180,2024-03-01,26
P181,2024-03-01,120
P182,2024-03-01,82
P183,2024-03-01,43
P184,2024-03-01,70
P185,2024-03-01,78
P186,2024-03-01,35
P187,2024-03-01,252
P188,2024-03-01,145
P189,2024-03-01,331
P190,2024-03-01,77
P191,2024-03-01,78
P192,2024-03-01,170
P193,2024-03-01,83
P194,2024-03-01,73
P195,2024-03-01,57
P196,2024-03-01,34
P197,2024-03-01,155
P198,2024-03-01,27
P199,2024-03-01,109
P200,2024-03-01,45
P201,2024-03-01,81
P202,2024-03-01,62
P203,2024-03-01,132
P204,2024-03-01,97
P205,2024-03-01,218
P206,2024-03-01,49
P207,2024-03-01,71
P208,2024-03-01,61
P209,2024-03-01,61
P210,2024-03-01,136
P211,2024-03-01,71
P212,2024-03-01,34
P213,2024-03-01,93
P214,2024-03-01,54
P215,2024-03-01,57
P216,2024-03-01,160
P217,2024-03-01,51
P218,2024-03-01,66
P219,2024-03-01,64
P220,2024-03-01,120
P221,2024-03-01,78
P222,2024-03-01,67
P223,2024-03-01,64
P224,2024-03-01,25
P225,2024-03-01,53
P226,2024-03-01,41
P227,2024-03-01,56
P228,2024-03-01,260
P229,2024-03-01,53
P230,2024-03-01,39
P231,2024-03-01,31
P232,2024-03-01,102
P233,2024-03-01,44
P234,2024-03-01,43
P235,2024-03-01,83
P236,2024-03-01,36
P237,2024-03-01,82
P238,2024-03-01,116
P239,2024-03-01,158
P240,2024-03-01,49
P241,2024-03-01,55
P242,2024-03-01,187
P243,2024-03-01,67
P244,2024-03-01,31
P245,2024-03-01,38
P246,2024-03-01,28
P247,2024-03-01,25
P248,2024-03-01,176
P249,2024-03-01,109
P250,2024-03-01,36
P001,2024-04-01,55
P002,2024-04-01,33
P003,2024-04-01,70
P004,2024-04-01,124
P005,2024-04-01,31
P006,2024-04-01,37
P007,2024-04-01,47
P008,2024-04-01,138
P009,2024-04-01,73
P010,2024-04-01,73
P011,2024-04-01,60
P012,2024-04-01,88
P013,2024-04-01,96
P014,2024-04-01,25
P015,2024-04-01,109
P016,2024-04-01,69
P017,2024-04-01,55
P018,2024-04-01,37
P019,2024-04-01,33
P020,2024-04-01,184
P021,2024-04-01,49
P022,2024-04-01,42
P023,2024-04-01,54
P024,2024-04-01,44
P025,2024-04-01,77
P026,2024-04-01,169
P027,2024-04-01,63
P028,2024-04-01,79
P029,2024-04-01,40
P030,2024-04-01,157
P031,2024-04-01,95
P032,2024-04-01,50
P033,2024-04-01,126
P034,2024-04-01,169
P035,2024-04-01,85
P036,2024-04-01,32
P037,2024-04-01,97
P038,2024-04-01,98
P039,2024-04-01,117
P040,2024-04-01,65
P041,2024-04-01,58
P042,2024-04-01,157
P043,2024-04-01,100
P044,2024-04-01,52
P045,2024-04-01,38
P046,2024-04-01,39
P047,2024-04-01,171
P048,2024-04-01,63
P049,2024-04-01,48
P050,2024-04-01,28
P051,2024-04-01,25
P052,2024-04-01,57
P053,2024-04-01,58
P054,2024-04-01,89
P055,2024-04-01,69
P056,2024-04-01,580
P057,2024-04-01,82
P058,2024-04-01,125
P059,2024-04-01,56
P060,2024-04-01,158
P061,2024-04-01,29
P062,2024-04-01,49
P063,2024-04-01,113
P064,2024-04-01,71
P065,2024-04-01,124
P066,2024-04-01,102
P067,2024-04-01,116
P068,2024-04-01,80
P069,2024-04-01,99
P070,2024-04-01,153
P071,2024-04-01,130
P072,2024-04-01,108
P073,2024-04-01,78
P074,2024-04-01,44
P075,2024-04-01,40
P076,2024-04-01,123
P077,2024-04-01,32
P078,2024-04-01,46
P079,2024-04-01,38
P080,2024-04-01,58
P081,2024-04-01,31
P082,2024-04-01,24
P083,2024-04-01,88
P084,2024-04-01,316
P085,2024-04-01,106
P086,2024-04-01,95
P087,2024-04-01,255
P088,2024-04-01,47
P089,2024-04-01,34
P090,2024-04-01,47
P091,2024-04-01,49
P092,2024-04-01,97
P093,2024-04-01,37
P094,2024-04-01,90
P095,2024-04-01,93
P096,2024-04-01,69
P097,2024-04-01,69
P098,2024-04-01,49
P099,2024-04-01,132
P100,2024-04-01,67
P101,2024-04-01,61
P102,2024-04-01,75
P103,2024-04-01,134
P104,2024-04-01,164
P105,2024-04-01,45
P106,2024-04-01,52
P107,2024-04-01,28
P108,2024-04-01,55
P109,2024-04-01,91
P110,2024-04-01,52
P111,2024-04-01,232
P112,2024-04-01,65
P113,2024-04-01,31
P114,2024-04-01,75
P115,2024-04-01,70
P116,2024-04-01,90
P117,2024-04-01,78
P118,2024-04-01,74
P119,2024-04-01,37
P120,2024-04-01,45
P121,2024-04-01,31
P122,2024-04-01,82
P123,2024-04-01,54
P124,2024-04-01,102
P125,2024-04-01,87
P126,2024-04-01,35
P127,2024-04-01,125
P128,2024-04-01,104
P129,2024-04-01,96
P130,2024-04-01,26
P131,2024-04-01,98
P132,2024-04-01,71
P133,2024-04-01,121
P134,2024-04-01,195
P135,2024-04-01,163
P136,2024-04-01,69
P137,2024-04-01,69
P138,2024-04-01,82
P139,2024-04-01,25
P140,2024-04-01,25
P141,2024-04-01,54
P142,2024-04-01,141
P143,2024-04-01,74
P144,2024-04-01,159
P145,2024-04-01,32
P146,2024-04-01,33
P147,2024-04-01,52
P148,2024-04-01,94
P149,2024-04-01,64
P150,2024-04-01,115
P151,2024-04-01,81
P152,2024-04-01,23
P153,2024-04-01,115
P154,2024-04-01,44
P155,2024-04-01,143
P156,2024-04-01,64
P157,2024-04-01,98
P158,2024-04-01,89
P159,2024-04-01,54
P160,2024-04-01,64
P161,2024-04-01,33
P162,2024-04-01,55
P163,2024-04-01,184
P164,2024-04-01,143
P165,2024-04-01,51
P166,2024-04-01,68
P167,2024-04-01,69
P168,2024-04-01,113
P169,2024-04-01,57
P170,2024-04-01,60
P171,2024-04-01,139
P172,2024-04-01,64
P173,2024-04-01,194
P174,2024-04-01,122
P175,2024-04-01,49
P176,2024-04-01,78
P177,2024-04-01,139
P178,2024-04-01,60
P179,2024-04-01,59
P180,2024-04-01,36
P181,2024-04-01,111
P182,2024-04-01,80
P183,2024-04-01,53
P184,2024-04-01,96
P185,2024-04-01,74
P186,2024-04-01,28
P187,2024-04-01,128
P188,2024-04-01,170
P189,2024-04-01,239
P190,2024-04-01,54
P191,2024-04-01,56
P192,2024-04-01,140
P193,2024-04-01,48
P194,2024-04-01,69
P195,2024-04-01,44
P196,2024-04-01,13
P197,2024-04-01,173
P198,2024-04-01,29
P199,2024-04-01,95
P200,2024-04-01,53
P201,2024-04-01,63
P202,2024-04-01,32
P203,2024-04-01,148
P204,2024-04-01,75
P205,2024-04-01,89
P206,2024-04-01,36
P207,2024-04-01,77
P208,2024-04-01,84
P209,2024-04-01,71
P210,2024-04-01,231
P211,2024-04-01,101
P212,2024-04-01,37
P213,2024-04-01,132
P214,2024-04-01,53
P215,2024-04-01,46
P216,2024-04-01,138
P217,2024-04-01,42
P218,2024-04-01,66
P219,2024-04-01,87
P220,2024-04-01,68
P221,2024-04-01,79
P222,2024-04-01,61
P223,2024-04-01,67
P224,2024-04-01,25
P225,2024-04-01,34
P226,2024-04-01,49
P227,2024-04-01,52
P228,2024-04-01,182
P229,2024-04-01,46
P230,2024-04-01,67
P231,2024-04-01,39
P232,2024-04-01,91
P233,2024-04-01,36
P234,2024-04-01,34
P235,2024-04-01,93
P236,2024-04-01,34
P237,2024-04-01,91
P238,2024-04-01,111
P239,2024-04-01,129
P240,2024-04-01,45
P241,2024-04-01,47
P242,2024-04-01,150
P243,2024-04-01,53
P244,2024-04-01,48
P245,2024-04-01,45
P246,2024-04-01,63
P247,2024-04-01,118
P248,2024-04-01,162
P249,2024-04-01,86
P250,2024-04-01,34
P001,2024-05-01,44
P002,2024-05-01,35
P003,2024-05-01,71
P004,2024-05-01,166
P005,2024-05-01,30
P006,2024-05-01,64
P007,2024-05-01,76
P008,2024-05-01,432
P009,2024-05-01,113
P010,2024-05-01,64
P011,2024-05-01,55
P012,2024-05-01,91
P013,2024-05-01,280
P014,2024-05-01,31
P015,2024-05-01,125
P016,2024-05-01,62
P017,2024-05-01,53
P018,2024-05-01,36
P019,2024-05-01,39
P020,2024-05-01,207
P021,2024-05-01,58
P022,2024-05-01,37
P023,2024-05-01,44
P024,2024-05-01,47
P025,2024-05-01,90
P026,2024-05-01,136
P027,2024-05-01,55
P028,2024-05-01,68
P029,2024-05-01,46
P030,2024-05-01,174
P031,2024-05-01,70
P032,2024-05-01,32
P033,2024-05-01,99
P034,2024-05-01,155
P035,2024-05-01,80
P036,2024-05-01,38
P037,2024-05-01,9
P038,2024-05-01,83
P039,2024-05-01,117
P040,2024-05-01,56
P041,2024-05-01,52
P042,2024-05-01,40
P043,2024-05-01,126
P044,2024-05-01,58
P045,2024-05-01,41
P046,2024-05-01,78
P047,2024-05-01,220
P048,2024-05-01,71
P049,2024-05-01,73
P050,2024-05-01,48
P051,2024-05-01,33
P052,2024-05-01,37
P053,2024-05-01,66
P054,2024-05-01,67
P055,2024-05-01,86
P056,2024-05-01,193
P057,2024-05-01,92
P058,2024-05-01,103
P059,2024-05-01,48
P060,2024-05-01,153
P061,2024-05-01,41
P062,2024-05-01,53
P063,2024-05-01,154
P064,2024-05-01,53
P065,2024-05-01,153
P066,2024-05-01,45
P067,2024-05-01,117
P068,2024-05-01,141
P069,2024-05-01,78
P070,2024-05-01,186
P071,2024-05-01,131
P072,2024-05-01,138
P073,2024-05-01,85
P074,2024-05-01,52
P075,2024-05-01,63
P076,2024-05-01,103
P077,2024-05-01,38
P078,2024-05-01,65
P079,2024-05-01,43
P080,2024-05-01,36
P081,2024-05-01,30
P082,2024-05-01,60
P083,2024-05-01,129
P084,2024-05-01,248
P085,2024-05-01,90
P086,2024-05-01,126
P087,2024-05-01,215
P088,2024-05-01,42
P089,2024-05-01,35
P090,2024-05-01,48
P091,2024-05-01,20
P092,2024-05-01,64
P093,2024-05-01,39
P094,2024-05-01,108
P095,2024-05-01,95
P096,2024-05-01,88
P097,2024-05-01,60
P098,2024-05-01,64
P099,2024-05-01,147
P100,2024-05-01,48
P101,2024-05-01,71
P102,2024-05-01,152
P103,2024-05-01,159
P104,2024-05-01,133
P105,2024-05-01,39
P106,2024-05-01,50
P107,2024-05-01,32
P108,2024-05-01,58
P109,2024-05-01,97
P110,2024-05-01,66
P111,2024-05-01,233
P112,2024-05-01,59
P113,2024-05-01,41
P114,2024-05-01,88
P115,2024-05-01,76
P116,2024-05-01,113
P117,2024-05-01,109
P118,2024-05-01,114
P119,2024-05-01,32
P120,2024-05-01,40
P121,2024-05-01,132
P122,2024-05-01,58
P123,2024-05-01,64
P124,2024-05-01,77
P125,2024-05-01,60
P126,2024-05-01,35
P127,2024-05-01,122
P128,2024-05-01,116
P129,2024-05-01,99
P130,2024-05-01,23
P131,2024-05-01,99
P132,2024-05-01,73
P133,2024-05-01,146
P134,2024-05-01,190
P135,2024-05-01,153
P136,2024-05-01,70
P137,2024-05-01,70
P138,2024-05-01,129
P139,2024-05-01,42
P140,2024-05-01,30
P141,2024-05-01,52
P142,2024-05-01,161
P143,2024-05-01,37
P144,2024-05-01,177
P145,2024-05-01,39
P146,2024-05-01,29
P147,2024-05-01,73
P148,2024-05-01,107
P149,2024-05-01,69
P150,2024-05-01,69
P151,2024-05-01,40
P152,2024-05-01,33
P153,2024-05-01,88
P154,2024-05-01,51
P155,2024-05-01,157
P156,2024-05-01,67
P157,2024-05-01,121
P158,2024-05-01,60
P159,2024-05-01,64
P160,2024-05-01,65
P161,2024-05-01,25
P162,2024-05-01,62
P163,2024-05-01,95
P164,2024-05-01,171
P165,2024-05-01,44
P166,2024-05-01,120
P167,2024-05-01,59
P168,2024-05-01,126
P169,2024-05-01,123
P170,2024-05-01,68
P171,2024-05-01,165
P172,2024-05-01,84
P173,2024-05-01,118
P174,2024-05-01,96
P175,2024-05-01,66
P176,2024-05-01,68
P177,2024-05-01,382
P178,2024-05-01,70
P179,2024-05-01,52
P180,2024-05-01,37
P181,2024-05-01,111
P182,2024-05-01,77
P183,2024-05-01,48
P184,2024-05-01,98
P185,2024-05-01,100
P186,2024-05-01,32
P187,2024-05-01,108
P188,2024-05-01,179
P189,2024-05-01,247
P190,2024-05-01,85
P191,2024-05-01,94
P192,2024-05-01,199
P193,2024-05-01,46
P194,2024-05-01,86
P195,2024-05-01,52
P196,2024-05-01,26
P197,2024-05-01,143
P198,2024-05-01,34
P199,2024-05-01,130
P200,2024-05-01,48
P201,2024-05-01,111
P202,2024-05-01,56
P203,2024-05-01,103
P204,2024-05-01,87
P205,2024-05-01,232
P206,2024-05-01,31
P207,2024-05-01,95
P208,2024-05-01,79
P209,2024-05-01,87
P210,2024-05-01,185
P211,2024-05-01,93
P212,2024-05-01,36
P213,2024-05-01,105
P214,2024-05-01,64
P215,2024-05-01,43
P216,2024-05-01,129
P217,2024-05-01,58
P218,2024-05-01,50
P219,2024-05-01,64
P220,2024-05-01,122
P221,2024-05-01,107
P222,2024-05-01,77
P223,2024-05-01,62
P224,2024-05-01,41
P225,2024-05-01,20
P226,2024-05-01,48
P227,2024-05-01,70
P228,2024-05-01,206
P229,2024-05-01,39
P230,2024-05-01,59
P231,2024-05-01,31
P232,2024-05-01,99
P233,2024-05-01,33
P234,2024-05-01,48
P235,2024-05-01,107
P236,2024-05-01,32
P237,2024-05-01,86
P238,2024-05-01,132
P239,2024-05-01,140
P240,2024-05-01,41
P241,2024-05-01,50
P242,2024-05-01,308
P243,2024-05-01,90
P244,2024-05-01,38
P245,2024-05-01,42
P246,2024-05-01,35
P247,2024-05-01,26
P248,2024-05-01,142
P249,2024-05-01,153
P250,2024-05-01,45
P001,2024-06-01,61
P002,2024-06-01,31
P003,2024-06-01,70
P004,2024-06-01,175
P005,2024-06-01,38
P006,2024-06-01,62
P007,2024-06-01,64
P008,2024-06-01,217
P009,2024-06-01,154
P010,2024-06-01,88
P011,2024-06-01,70
P012,2024-06-01,127
P013,2024-06-01,139
P014,2024-06-01,28
P015,2024-06-01,105
P016,2024-06-01,95
P017,2024-06-01,58
P018,2024-06-01,31
P019,2024-06-01,46
P020,2024-06-01,268
P021,2024-06-01,74
P022,2024-06-01,50
P023,2024-06-01,66
P024,2024-06-01,73
P025,2024-06-01,99
P026,2024-06-01,154
P027,2024-06-01,62
P028,2024-06-01,67
P029,2024-06-01,40
P030,2024-06-01,228
P031,2024-06-01,38
P032,2024-06-01,34
P033,2024-06-01,131
P034,2024-06-01,163
P035,2024-06-01,81
P036,2024-06-01,34
P037,2024-06-01,336
P038,2024-06-01,454
P039,2024-06-01,82
P040,2024-06-01,184
P041,2024-06-01,71
P042,2024-06-01,85
P043,2024-06-01,133
P044,2024-06-01,97
P045,2024-06-01,33
P046,2024-06-01,113
P047,2024-06-01,8
P048,2024-06-01,93
P049,2024-06-01,74
P050,2024-06-01,55
P051,2024-06-01,22
P052,2024-06-01,51
P053,2024-06-01,59
P054,2024-06-01,113
P055,2024-06-01,92
P056,2024-06-01,391
P057,2024-06-01,64
P058,2024-06-01,143
P059,2024-06-01,59
P060,2024-06-01,243
P061,2024-06-01,42
P062,2024-06-01,71
P063,2024-06-01,134
P064,2024-06-01,104
P065,2024-06-01,136
P066,2024-06-01,50
P067,2024-06-01,181
P068,2024-06-01,98
P069,2024-06-01,100
P070,2024-06-01,221
P071,2024-06-01,131
P072,2024-06-01,122
P073,2024-06-01,89
P074,2024-06-01,55
P075,2024-06-01,44
P076,2024-06-01,83
P077,2024-06-01,52
P078,2024-06-01,38
P079,2024-06-01,43
P080,2024-06-01,74
P081,2024-06-01,32
P082,2024-06-01,243
P083,2024-06-01,116
P084,2024-06-01,300
P085,2024-06-01,125
P086,2024-06-01,177
P087,2024-06-01,250
P088,2024-06-01,58
P089,2024-06-01,29
P090,2024-06-01,69
P091,2024-06-01,91
P092,2024-06-01,35
P093,2024-06-01,48
P094,2024-06-01,147
P095,2024-06-01,128
P096,2024-06-01,101
P097,2024-06-01,73
P098,2024-06-01,58
P099,2024-06-01,85
P100,2024-06-01,60
P101,2024-06-01,88
P102,2024-06-01,115
P103,2024-06-01,131
P104,2024-06-01,116
P105,2024-06-01,36
P106,2024-06-01,63
P107,2024-06-01,39
P108,2024-06-01,47
P109,2024-06-01,77
P110,2024-06-01,70
P111,2024-06-01,235
P112,2024-06-01,69
P113,2024-06-01,36
P114,2024-06-01,112
P115,2024-06-01,50
P116,2024-06-01,136
P117,2024-06-01,103
P118,2024-06-01,116
P119,2024-06-01,27
P120,2024-06-01,54
P121,2024-06-01,70
P122,2024-06-01,61
P123,2024-06-01,52
P124,2024-06-01,81
P125,2024-06-01,73
P126,2024-06-01,41
P127,2024-06-01,94
P128,2024-06-01,89
P129,2024-06-01,158
P130,2024-06-01,26
P131,2024-06-01,103
P132,2024-06-01,34
P133,2024-06-01,174
P134,2024-06-01,187
P135,2024-06-01,153
P136,2024-06-01,50
P137,2024-06-01,57
P138,2024-06-01,298
P139,2024-06-01,51
P140,2024-06-01,37
P141,2024-06-01,67
P142,2024-06-01,136
P143,2024-06-01,56
P144,2024-06-01,166
P145,2024-06-01,40
P146,2024-06-01,25
P147,2024-06-01,78
P148,2024-06-01,117
P149,2024-06-01,83
P150,2024-06-01,79
P151,2024-06-01,72
P152,2024-06-01,41
P153,2024-06-01,112
P154,2024-06-01,36
P155,2024-06-01,274
P156,2024-06-01,68
P157,2024-06-01,177
P158,2024-06-01,74
P159,2024-06-01,83
P160,2024-06-01,75
P161,2024-06-01,31
P162,2024-06-01,77
P163,2024-06-01,232
P164,2024-06-01,104
P165,2024-06-01,43
P166,2024-06-01,130
P167,2024-06-01,68
P168,2024-06-01,104
P169,2024-06-01,78
P170,2024-06-01,126
P171,2024-06-01,183
P172,2024-06-01,73
P173,2024-06-01,132
P174,2024-06-01,423
P175,2024-06-01,77
P176,2024-06-01,145
P177,2024-06-01,194
P178,2024-06-01,74
P179,2024-06-01,42
P180,2024-06-01,29
P181,2024-06-01,204
P182,2024-06-01,57
P183,2024-06-01,45
P184,2024-06-01,141
P185,2024-06-01,100
P186,2024-06-01,36
P187,2024-06-01,88
P188,2024-06-01,167
P189,2024-06-01,311
P190,2024-06-01,97
P191,2024-06-01,81
P192,2024-06-01,181
P193,2024-06-01,93
P194,2024-06-01,124
P195,2024-06-01,56
P196,2024-06-01,54
P197,2024-06-01,178
P198,2024-06-01,49
P199,2024-06-01,205
P200,2024-06-01,37
P201,2024-06-01,86
P202,2024-06-01,59
P203,2024-06-01,156
P204,2024-06-01,92
P205,2024-06-01,252
P206,2024-06-01,42
P207,2024-06-01,74
P208,2024-06-01,87
P209,2024-06-01,97
P210,2024-06-01,197
P211,2024-06-01,118
P212,2024-06-01,40
P213,2024-06-01,98
P214,2024-06-01,271
P215,2024-06-01,43
P216,2024-06-01,174
P217,2024-06-01,42
P218,2024-06-01,51
P219,2024-06-01,92
P220,2024-06-01,92
P221,2024-06-01,80
P222,2024-06-01,53
P223,2024-06-01,60
P224,2024-06-01,16
P225,2024-06-01,43
P226,2024-06-01,41
P227,2024-06-01,95
P228,2024-06-01,313
P229,2024-06-01,41
P230,2024-06-01,58
P231,2024-06-01,29
P232,2024-06-01,116
P233,2024-06-01,28
P234,2024-06-01,50
P235,2024-06-01,108
P236,2024-06-01,23
P237,2024-06-01,74
P238,2024-06-01,87
P239,2024-06-01,306
P240,2024-06-01,35
P241,2024-06-01,57
P242,2024-06-01,213
P243,2024-06-01,59
P244,2024-06-01,45
P245,2024-06-01,46
P246,2024-06-01,33
P247,2024-06-01,40
P248,2024-06-01,83
P249,2024-06-01,165
P250,2024-06-01,33
P001,2024-07-01,81
P002,2024-07-01,37
P003,2024-07-01,70
P004,2024-07-01,160
P005,2024-07-01,26
P006,2024-07-01,40
P007,2024-07-01,59
P008,2024-07-01,168
P009,2024-07-01,127
P010,2024-07-01,94
P011,2024-07-01,42
P012,2024-07-01,84
P013,2024-07-01,330
P014,2024-07-01,27
P015,2024-07-01,98
P016,2024-07-01,87
P017,2024-07-01,50
P018,2024-07-01,27
P019,2024-07-01,40
P020,2024-07-01,253
P021,2024-07-01,72
P022,2024-07-01,50
P023,2024-07-01,80
P024,2024-07-01,65
P025,2024-07-01,89
P026,2024-07-01,164
P027,2024-07-01,56
P028,2024-07-01,94
P029,2024-07-01,41
P030,2024-07-01,247
P031,2024-07-01,104
P032,2024-07-01,44
P033,2024-07-01,77
P034,2024-07-01,149
P035,2024-07-01,74
P036,2024-07-01,35
P037,2024-07-01,88
P038,2024-07-01,50
P039,2024-07-01,124
P040,2024-07-01,51
P041,2024-07-01,84
P042,2024-07-01,224
P043,2024-07-01,124
P044,2024-07-01,90
P045,2024-07-01,31
P046,2024-07-01,41
P047,2024-07-01,219
P048,2024-07-01,80
P049,2024-07-01,119
P050,2024-07-01,51
P051,2024-07-01,37
P052,2024-07-01,64
P053,2024-07-01,64
P054,2024-07-01,88
P055,2024-07-01,75
P056,2024-07-01,242
P057,2024-07-01,66
P058,2024-07-01,171
P059,2024-07-01,63
P060,2024-07-01,240
P061,2024-07-01,49
P062,2024-07-01,63
P063,2024-07-01,172
P064,2024-07-01,75
P065,2024-07-01,114
P066,2024-07-01,136
P067,2024-07-01,133
P068,2024-07-01,111
P069,2024-07-01,96
P070,2024-07-01,232
P071,2024-07-01,139
P072,2024-07-01,127
P073,2024-07-01,121
P074,2024-07-01,49
P075,2024-07-01,54
P076,2024-07-01,138
P077,2024-07-01,39
P078,2024-07-01,2
P079,2024-07-01,39
P080,2024-07-01,87
P081,2024-07-01,29
P082,2024-07-01,44
P083,2024-07-01,148
P084,2024-07-01,148
P085,2024-07-01,137
P086,2024-07-01,124
P087,2024-07-01,191
P088,2024-07-01,50
P089,2024-07-01,40
P090,2024-07-01,61
P091,2024-07-01,70
P092,2024-07-01,51
P093,2024-07-01,33
P094,2024-07-01,101
P095,2024-07-01,116
P096,2024-07-01,85
P097,2024-07-01,91
P098,2024-07-01,70
P099,2024-07-01,98
P100,2024-07-01,192
P101,2024-07-01,82
P102,2024-07-01,74
P103,2024-07-01,110
P104,2024-07-01,153
P105,2024-07-01,38
P106,2024-07-01,64
P107,2024-07-01,27
P108,2024-07-01,69
P109,2024-07-01,78
P110,2024-07-01,45
P111,2024-07-01,193
P112,2024-07-01,52
P113,2024-07-01,27
P114,2024-07-01,102
P115,2024-07-01,71
P116,2024-07-01,128
P117,2024-07-01,119
P118,2024-07-01,71
P119,2024-07-01,26
P120,2024-07-01,38
P121,2024-07-01,57
P122,2024-07-01,63
P123,2024-07-01,49
P124,2024-07-01,126
P125,2024-07-01,85
P126,2024-07-01,35
P127,2024-07-01,83
P128,2024-07-01,124
P129,2024-07-01,111
P130,2024-07-01,36
P131,2024-07-01,87
P132,2024-07-01,95
P133,2024-07-01,174
P134,2024-07-01,182
P135,2024-07-01,156
P136,2024-07-01,59
P137,2024-07-01,68
P138,2024-07-01,124
P139,2024-07-01,47
P140,2024-07-01,37
P141,2024-07-01,46
P142,2024-07-01,132
P143,2024-07-01,82
P144,2024-07-01,144
P145,2024-07-01,31
P146,2024-07-01,45
P147,2024-07-01,110
P148,2024-07-01,117
P149,2024-07-01,84
P150,2024-07-01,66
P151,2024-07-01,59
P152,2024-07-01,40
P153,2024-07-01,171
P154,2024-07-01,38
P155,2024-07-01,298
P156,2024-07-01,68
P157,2024-07-01,174
P158,2024-07-01,111
P159,2024-07-01,88
P160,2024-07-01,81
P161,2024-07-01,34
P162,2024-07-01,102
P163,2024-07-01,297
P164,2024-07-01,128
P165,2024-07-01,44
P166,2024-07-01,111
P167,2024-07-01,80
P168,2024-07-01,100
P169,2024-07-01,122
P170,2024-07-01,81
P171,2024-07-01,239
P172,2024-07-01,75
P173,2024-07-01,173
P174,2024-07-01,654
P175,2024-07-01,48
P176,2024-07-01,88
P177,2024-07-01,230
P178,2024-07-01,60
P179,2024-07-01,31
P180,2024-07-01,32
P181,2024-07-01,171
P182,2024-07-01,84
P183,2024-07-01,33
P184,2024-07-01,141
P185,2024-07-01,106
P186,2024-07-01,41
P187,2024-07-01,144
P188,2024-07-01,160
P189,2024-07-01,241
P190,2024-07-01,88
P191,2024-07-01,82
P192,2024-07-01,206
P193,2024-07-01,63
P194,2024-07-01,56
P195,2024-07-01,35
P196,2024-07-01,45
P197,2024-07-01,429
P198,2024-07-01,41
P199,2024-07-01,128
P200,2024-07-01,56
P201,2024-07-01,107
P202,2024-07-01,70
P203,2024-07-01,192
P204,2024-07-01,99
P205,2024-07-01,183
P206,2024-07-01,37
P207,2024-07-01,87
P208,2024-07-01,84
P209,2024-07-01,130
P210,2024-07-01,278
P211,2024-07-01,86
P212,2024-07-01,51
P213,2024-07-01,105
P214,2024-07-01,79
P215,2024-07-01,58
P216,2024-07-01,143
P217,2024-07-01,63
P218,2024-07-01,54
P219,2024-07-01,114
P220,2024-07-01,109
P221,2024-07-01,122
P222,2024-07-01,80
P223,2024-07-01,56
P224,2024-07-01,29
P225,2024-07-01,74
P226,2024-07-01,43
P227,2024-07-01,77
P228,2024-07-01,270
P229,2024-07-01,42
P230,2024-07-01,59
P231,2024-07-01,31
P232,2024-07-01,94
P233,2024-07-01,34
P234,2024-07-01,76
P235,2024-07-01,142
P236,2024-07-01,28
P237,2024-07-01,68
P238,2024-07-01,113
P239,2024-07-01,158
P240,2024-07-01,57
P241,2024-07-01,45
P242,2024-07-01,807
P243,2024-07-01,79
P244,2024-07-01,47
P245,2024-07-01,52
P246,2024-07-01,111
P247,2024-07-01,42
P248,2024-07-01,64
P249,2024-07-01,161
P250,2024-07-01,30
P001,2024-08-01,59
P002,2024-08-01,33
P003,2024-08-01,53
P004,2024-08-01,100
P005,2024-08-01,37
P006,2024-08-01,45
P007,2024-08-01,63
P008,2024-08-01,232
P009,2024-08-01,152
P010,2024-08-01,92
P011,2024-08-01,53
P012,2024-08-01,106
P013,2024-08-01,170
P014,2024-08-01,24
P015,2024-08-01,103
P016,2024-08-01,118
P017,2024-08-01,53
P018,2024-08-01,25
P019,2024-08-01,51
P020,2024-08-01,261
P021,2024-08-01,53
P022,2024-08-01,51
P023,2024-08-01,87
P024,2024-08-01,72
P025,2024-08-01,96
P026,2024-08-01,129
P027,2024-08-01,46
P028,2024-08-01,74
P029,2024-08-01,47
P030,2024-08-01,245
P031,2024-08-01,83
P032,2024-08-01,31
P033,2024-08-01,164
P034,2024-08-01,118
P035,2024-08-01,81
P036,2024-08-01,34
P037,2024-08-01,185
P038,2024-08-01,110
P039,2024-08-01,95
P040,2024-08-01,44
P041,2024-08-01,79
P042,2024-08-01,118
P043,2024-08-01,149
P044,2024-08-01,198
P045,2024-08-01,37
P046,2024-08-01,87
P047,2024-08-01,301
P048,2024-08-01,73
P049,2024-08-01,91
P050,2024-08-01,37
P051,2024-08-01,31
P052,2024-08-01,63
P053,2024-08-01,56
P054,2024-08-01,81
P055,2024-08-01,73
P056,2024-08-01,180
P057,2024-08-01,67
P058,2024-08-01,138
P059,2024-08-01,57
P060,2024-08-01,137
P061,2024-08-01,40
P062,2024-08-01,79
P063,2024-08-01,154
P064,2024-08-01,75
P065,2024-08-01,155
P066,2024-08-01,105
P067,2024-08-01,112
P068,2024-08-01,137
P069,2024-08-01,104
P070,2024-08-01,188
P071,2024-08-01,100
P072,2024-08-01,109
P073,2024-08-01,113
P074,2024-08-01,56
P075,2024-08-01,40
P076,2024-08-01,126
P077,2024-08-01,42
P078,2024-08-01,29
P079,2024-08-01,52
P080,2024-08-01,83
P081,2024-08-01,34
P082,2024-08-01,266
P083,2024-08-01,174
P084,2024-08-01,555
P085,2024-08-01,127
P086,2024-08-01,120
P087,2024-08-01,219
P088,2024-08-01,44
P089,2024-08-01,34
P090,2024-08-01,78
P091,2024-08-01,96
P092,2024-08-01,39
P093,2024-08-01,33
P094,2024-08-01,163
P095,2024-08-01,136
P096,2024-08-01,103
P097,2024-08-01,89
P098,2024-08-01,72
P099,2024-08-01,112
P100,2024-08-01,52
P101,2024-08-01,61
P102,2024-08-01,184
P103,2024-08-01,137
P104,2024-08-01,151
P105,2024-08-01,39
P106,2024-08-01,68
P107,2024-08-01,34
P108,2024-08-01,101
P109,2024-08-01,81
P110,2024-08-01,55
P111,2024-08-01,219
P112,2024-08-01,45
P113,2024-08-01,32
P114,2024-08-01,94
P115,2024-08-01,66
P116,2024-08-01,148
P117,2024-08-01,95
P118,2024-08-01,111
P119,2024-08-01,33
P120,2024-08-01,46
P121,2024-08-01,42
P122,2024-08-01,63
P123,2024-08-01,69
P124,2024-08-01,134
P125,2024-08-01,114
P126,2024-08-01,27
P127,2024-08-01,114
P128,2024-08-01,76
P129,2024-08-01,150
P130,2024-08-01,29
P131,2024-08-01,111
P132,2024-08-01,272
P133,2024-08-01,134
P134,2024-08-01,201
P135,2024-08-01,153
P136,2024-08-01,66
P137,2024-08-01,66
P138,2024-08-01,57
P139,2024-08-01,55
P140,2024-08-01,36
P141,2024-08-01,47
P142,2024-08-01,140
P143,2024-08-01,63
P144,2024-08-01,177
P145,2024-08-01,41
P146,2024-08-01,47
P147,2024-08-01,69
P148,2024-08-01,142
P149,2024-08-01,110
P150,2024-08-01,171
P151,2024-08-01,77
P152,2024-08-01,41
P153,2024-08-01,410
P154,2024-08-01,51
P155,2024-08-01,144
P156,2024-08-01,89
P157,2024-08-01,152
P158,2024-08-01,64
P159,2024-08-01,88
P160,2024-08-01,80
P161,2024-08-01,33
P162,2024-08-01,102
P163,2024-08-01,514
P164,2024-08-01,131
P165,2024-08-01,45
P166,2024-08-01,109
P167,2024-08-01,84
P168,2024-08-01,100
P169,2024-08-01,130
P170,2024-08-01,123
P171,2024-08-01,212
P172,2024-08-01,90
P173,2024-08-01,139
P174,2024-08-01,134
P175,2024-08-01,58
P176,2024-08-01,79
P177,2024-08-01,549
P178,2024-08-01,75
P179,2024-08-01,43
P180,2024-08-01,25
P181,2024-08-01,167
P182,2024-08-01,77
P183,2024-08-01,41
P184,2024-08-01,164
P185,2024-08-01,81
P186,2024-08-01,40
P187,2024-08-01,96
P188,2024-08-01,230
P189,2024-08-01,221
P190,2024-08-01,97
P191,2024-08-01,94
P192,2024-08-01,228
P193,2024-08-01,36
P194,2024-08-01,89
P195,2024-08-01,46
P196,2024-08-01,60
P197,2024-08-01,138
P198,2024-08-01,52
P199,2024-08-01,165
P200,2024-08-01,44
P201,2024-08-01,94
P202,2024-08-01,80
P203,2024-08-01,190
P204,2024-08-01,113
P205,2024-08-01,126
P206,2024-08-01,44
P207,2024-08-01,68
P208,2024-08-01,77
P209,2024-08-01,111
P210,2024-08-01,176
P211,2024-08-01,122
P212,2024-08-01,51
P213,2024-08-01,114
P214,2024-08-01,306
P215,2024-08-01,42
P216,2024-08-01,140
P217,2024-08-01,38
P218,2024-08-01,56
P219,2024-08-01,121
P220,2024-08-01,106
P221,2024-08-01,100
P222,2024-08-01,48
P223,2024-08-01,62
P224,2024-08-01,36
P225,2024-08-01,93
P226,2024-08-01,42
P227,2024-08-01,85
P228,2024-08-01,252
P229,2024-08-01,43
P230,2024-08-01,48
P231,2024-08-01,33
P232,2024-08-01,105
P233,2024-08-01,35
P234,2024-08-01,60
P235,2024-08-01,145
P236,2024-08-01,35
P237,2024-08-01,79
P238,2024-08-01,85
P239,2024-08-01,186
P240,2024-08-01,49
P241,2024-08-01,47
P242,2024-08-01,322
P243,2024-08-01,85
P244,2024-08-01,46
P245,2024-08-01,46
P246,2024-08-01,51
P247,2024-08-01,45
P248,2024-08-01,45
P249,2024-08-01,137
P250,2024-08-01,51
P001,2024-09-01,46
P002,2024-09-01,32
P003,2024-09-01,63
P004,2024-09-01,106
P005,2024-09-01,36
P006,2024-09-01,164
P007,2024-09-01,75
P008,2024-09-01,94
P009,2024-09-01,93
P010,2024-09-01,81
P011,2024-09-01,53
P012,2024-09-01,53
P013,2024-09-01,47
P014,2024-09-01,32
P015,2024-09-01,124
P016,2024-09-01,89
P017,2024-09-01,53
P018,2024-09-01,32
P019,2024-09-01,32
P020,2024-09-01,179
P021,2024-09-01,53
P022,2024-09-01,35
P023,2024-09-01,52
P024,2024-09-01,53
P025,2024-09-01,82
P026,2024-09-01,185
P027,2024-09-01,61
P028,2024-09-01,78
P029,2024-09-01,29
P030,2024-09-01,176
P031,2024-09-01,51
P032,2024-09-01,33
P033,2024-09-01,116
P034,2024-09-01,188
P035,2024-09-01,97
P036,2024-09-01,27
P037,2024-09-01,164
P038,2024-09-01,110
P039,2024-09-01,100
P040,2024-09-01,71
P041,2024-09-01,69
P042,2024-09-01,75
P043,2024-09-01,114
P044,2024-09-01,248
P045,2024-09-01,32
P046,2024-09-01,94
P047,2024-09-01,142
P048,2024-09-01,71
P049,2024-09-01,80
P050,2024-09-01,41
P051,2024-09-01,33
P052,2024-09-01,51
P053,2024-09-01,46
P054,2024-09-01,98
P055,2024-09-01,82
P056,2024-09-01,72
P057,2024-09-01,66
P058,2024-09-01,131
P059,2024-09-01,67
P060,2024-09-01,148
P061,2024-09-01,36
P062,2024-09-01,50
P063,2024-09-01,109
P064,2024-09-01,68
P065,2024-09-01,163
P066,2024-09-01,94
P067,2024-09-01,126
P068,2024-09-01,59
P069,2024-09-01,76
P070,2024-09-01,173
P071,2024-09-01,100
P072,2024-09-01,133
P073,2024-09-01,59
P074,2024-09-01,56
P075,2024-09-01,50
P076,2024-09-01,113
P077,2024-09-01,31
P078,2024-09-01,16
P079,2024-09-01,36
P080,2024-09-01,220
P081,2024-09-01,33
P082,2024-09-01,99
P083,2024-09-01,110
P084,2024-09-01,258
P085,2024-09-01,128
P086,2024-09-01,115
P087,2024-09-01,301
P088,2024-09-01,47
P089,2024-09-01,40
P090,2024-09-01,68
P091,2024-09-01,51
P092,2024-09-01,48
P093,2024-09-01,32
P094,2024-09-01,104
P095,2024-09-01,84
P096,2024-09-01,70
P097,2024-09-01,81
P098,2024-09-01,50
P099,2024-09-01,60
P100,2024-09-01,93
P101,2024-09-01,67
P102,2024-09-01,85
P103,2024-09-01,198
P104,2024-09-01,140
P105,2024-09-01,41
P106,2024-09-01,52
P107,2024-09-01,24
P108,2024-09-01,65
P109,2024-09-01,61
P110,2024-09-01,73
P111,2024-09-01,177
P112,2024-09-01,44
P113,2024-09-01,34
P114,2024-09-01,123
P115,2024-09-01,91
P116,2024-09-01,95
P117,2024-09-01,80
P118,2024-09-01,100
P119,2024-09-01,34
P120,2024-09-01,44
P121,2024-09-01,60
P122,2024-09-01,47
P123,2024-09-01,46
P124,2024-09-01,92
P125,2024-09-01,77
P126,2024-09-01,27
P127,2024-09-01,106
P128,2024-09-01,108
P129,2024-09-01,101
P130,2024-09-01,34
P131,2024-09-01,115
P132,2024-09-01,55
P133,2024-09-01,145
P134,2024-09-01,166
P135,2024-09-01,140
P136,2024-09-01,79
P137,2024-09-01,83
P138,2024-09-01,113
P139,2024-09-01,44
P140,2024-09-01,39
P141,2024-09-01,51
P142,2024-09-01,124
P143,2024-09-01,95
P144,2024-09-01,149
P145,2024-09-01,29
P146,2024-09-01,41
P147,2024-09-01,71
P148,2024-09-01,82
P149,2024-09-01,79
P150,2024-09-01,45
P151,2024-09-01,52
P152,2024-09-01,39
P153,2024-09-01,279
P154,2024-09-01,52
P155,2024-09-01,94
P156,2024-09-01,57
P157,2024-09-01,135
P158,2024-09-01,68
P159,2024-09-01,63
P160,2024-09-01,75
P161,2024-09-01,21
P162,2024-09-01,60
P163,2024-09-01,177
P164,2024-09-01,167
P165,2024-09-01,54
P166,2024-09-01,103
P167,2024-09-01,57
P168,2024-09-01,95
P169,2024-09-01,73
P170,2024-09-01,97
P171,2024-09-01,183
P172,2024-09-01,86
P173,2024-09-01,128
P174,2024-09-01,205
P175,2024-09-01,62
P176,2024-09-01,126
P177,2024-09-01,74
P178,2024-09-01,65
P179,2024-09-01,46
P180,2024-09-01,30
P181,2024-09-01,125
P182,2024-09-01,72
P183,2024-09-01,41
P184,2024-09-01,106
P185,2024-09-01,81
P186,2024-09-01,29
P187,2024-09-01,28
P188,2024-09-01,168
P189,2024-09-01,280
P190,2024-09-01,80
P191,2024-09-01,82
P192,2024-09-01,156
P193,2024-09-01,55
P194,2024-09-01,96
P195,2024-09-01,38
P196,2024-09-01,26
P197,2024-09-01,246
P198,2024-09-01,40
P199,2024-09-01,123
P200,2024-09-01,50
P201,2024-09-01,90
P202,2024-09-01,61
P203,2024-09-01,135
P204,2024-09-01,90
P205,2024-09-01,225
P206,2024-09-01,32
P207,2024-09-01,78
P208,2024-09-01,78
P209,2024-09-01,62
P210,2024-09-01,246
P211,2024-09-01,95
P212,2024-09-01,35
P213,2024-09-01,90
P214,2024-09-01,57
P215,2024-09-01,59
P216,2024-09-01,95
P217,2024-09-01,38
P218,2024-09-01,53
P219,2024-09-01,75
P220,2024-09-01,81
P221,2024-09-01,70
P222,2024-09-01,57
P223,2024-09-01,63
P224,2024-09-01,38
P225,2024-09-01,50
P226,2024-09-01,36
P227,2024-09-01,73
P228,2024-09-01,228
P229,2024-09-01,61
P230,2024-09-01,65
P231,2024-09-01,35
P232,2024-09-01,96
P233,2024-09-01,31
P234,2024-09-01,46
P235,2024-09-01,140
P236,2024-09-01,34
P237,2024-09-01,78
P238,2024-09-01,98
P239,2024-09-01,166
P240,2024-09-01,42
P241,2024-09-01,47
P242,2024-09-01,236
P243,2024-09-01,64
P244,2024-09-01,54
P245,2024-09-01,42
P246,2024-09-01,37
P247,2024-09-01,61
P248,2024-09-01,121
P249,2024-09-01,153
P250,2024-09-01,48
P001,2024-10-01,53
P002,2024-10-01,41
P003,2024-10-01,82
P004,2024-10-01,143
P005,2024-10-01,31
P006,2024-10-01,19
P007,2024-10-01,61
P008,2024-10-01,98
P009,2024-10-01,88
P010,2024-10-01,75
P011,2024-10-01,54
P012,2024-10-01,78
P013,2024-10-01,92
P014,2024-10-01,32
P015,2024-10-01,96
P016,2024-10-01,55
P017,2024-10-01,56
P018,2024-10-01,28
P019,2024-10-01,38
P020,2024-10-01,197
P021,2024-10-01,50
P022,2024-10-01,30
P023,2024-10-01,64
P024,2024-10-01,36
P025,2024-10-01,62
P026,2024-10-01,212
P027,2024-10-01,61
P028,2024-10-01,78
P029,2024-10-01,37
P030,2024-10-01,159
P031,2024-10-01,92
P032,2024-10-01,31
P033,2024-10-01,105
P034,2024-10-01,133
P035,2024-10-01,78
P036,2024-10-01,29
P037,2024-10-01,173
P038,2024-10-01,59
P039,2024-10-01,130
P040,2024-10-01,52
P041,2024-10-01,61
P042,2024-10-01,78
P043,2024-10-01,167
P044,2024-10-01,58
P045,2024-10-01,34
P046,2024-10-01,76
P047,2024-10-01,195
P048,2024-10-01,67
P049,2024-10-01,66
P050,2024-10-01,31
P051,2024-10-01,32
P052,2024-10-01,44
P053,2024-10-01,51
P054,2024-10-01,70
P055,2024-10-01,75
P056,2024-10-01,220
P057,2024-10-01,51
P058,2024-10-01,118
P059,2024-10-01,65
P060,2024-10-01,183
P061,2024-10-01,33
P062,2024-10-01,61
P063,2024-10-01,122
P064,2024-10-01,84
P065,2024-10-01,111
P066,2024-10-01,373
P067,2024-10-01,119
P068,2024-10-01,129
P069,2024-10-01,68
P070,2024-10-01,151
P071,2024-10-01,105
P072,2024-10-01,105
P073,2024-10-01,50
P074,2024-10-01,41
P075,2024-10-01,53
P076,2024-10-01,87
P077,2024-10-01,24
P078,2024-10-01,38
P079,2024-10-01,30
P080,2024-10-01,53
P081,2024-10-01,41
P082,2024-10-01,218
P083,2024-10-01,117
P084,2024-10-01,214
P085,2024-10-01,113
P086,2024-10-01,130
P087,2024-10-01,241
P088,2024-10-01,46
P089,2024-10-01,19
P090,2024-10-01,53
P091,2024-10-01,166
P092,2024-10-01,87
P093,2024-10-01,40
P094,2024-10-01,88
P095,2024-10-01,124
P096,2024-10-01,71
P097,2024-10-01,74
P098,2024-10-01,59
P099,2024-10-01,77
P100,2024-10-01,100
P101,2024-10-01,39
P102,2024-10-01,137
P103,2024-10-01,148
P104,2024-10-01,155
P105,2024-10-01,32
P106,2024-10-01,44
P107,2024-10-01,26
P108,2024-10-01,61
P109,2024-10-01,77
P110,2024-10-01,48
P111,2024-10-01,212
P112,2024-10-01,51
P113,2024-10-01,41
P114,2024-10-01,91
P115,2024-10-01,72
P116,2024-10-01,97
P117,2024-10-01,80
P118,2024-10-01,68
P119,2024-10-01,30
P120,2024-10-01,61
P121,2024-10-01,69
P122,2024-10-01,66
P123,2024-10-01,60
P124,2024-10-01,91
P125,2024-10-01,128
P126,2024-10-01,45
P127,2024-10-01,0
P128,2024-10-01,83
P129,2024-10-01,109
P130,2024-10-01,28
P131,2024-10-01,98
P132,2024-10-01,75
P133,2024-10-01,113
P134,2024-10-01,165
P135,2024-10-01,167
P136,2024-10-01,69
P137,2024-10-01,77
P138,2024-10-01,24
P139,2024-10-01,44
P140,2024-10-01,28
P141,2024-10-01,49
P142,2024-10-01,149
P143,2024-10-01,99
P144,2024-10-01,169
P145,2024-10-01,36
P146,2024-10-01,30
P147,2024-10-01,54
P148,2024-10-01,122
P149,2024-10-01,77
P150,2024-10-01,17
P151,2024-10-01,69
P152,2024-10-01,23
P153,2024-10-01,164
P154,2024-10-01,57
P155,2024-10-01,42
P156,2024-10-01,57
P157,2024-10-01,132
P158,2024-10-01,72
P159,2024-10-01,67
P160,2024-10-01,64
P161,2024-10-01,26
P162,2024-10-01,69
P163,2024-10-01,73
P164,2024-10-01,141
P165,2024-10-01,36
P166,2024-10-01,64
P167,2024-10-01,88
P168,2024-10-01,95
P169,2024-10-01,71
P170,2024-10-01,80
P171,2024-10-01,169
P172,2024-10-01,60
P173,2024-10-01,122
P174,2024-10-01,137
P175,2024-10-01,55
P176,2024-10-01,199
P177,2024-10-01,238
P178,2024-10-01,47
P179,2024-10-01,53
P180,2024-10-01,34
P181,2024-10-01,149
P182,2024-10-01,71
P183,2024-10-01,42
P184,2024-10-01,101
P185,2024-10-01,75
P186,2024-10-01,33
P187,2024-10-01,111
P188,2024-10-01,186
P189,2024-10-01,248
P190,2024-10-01,44
P191,2024-10-01,90
P192,2024-10-01,172
P193,2024-10-01,33
P194,2024-10-01,69
P195,2024-10-01,53
P196,2024-10-01,45
P197,2024-10-01,59
P198,2024-10-01,31
P199,2024-10-01,108
P200,2024-10-01,35
P201,2024-10-01,77
P202,2024-10-01,78
P203,2024-10-01,112
P204,2024-10-01,87
P205,2024-10-01,354
P206,2024-10-01,37
P207,2024-10-01,80
P208,2024-10-01,59
P209,2024-10-01,78
P210,2024-10-01,239
P211,2024-10-01,111
P212,2024-10-01,32
P213,2024-10-01,99
P214,2024-10-01,96
P215,2024-10-01,46
P216,2024-10-01,128
P217,2024-10-01,62
P218,2024-10-01,43
P219,2024-10-01,51
P220,2024-10-01,114
P221,2024-10-01,125
P222,2024-10-01,68
P223,2024-10-01,50
P224,2024-10-01,37
P225,2024-10-01,36
P226,2024-10-01,42
P227,2024-10-01,57
P228,2024-10-01,202
P229,2024-10-01,49
P230,2024-10-01,52
P231,2024-10-01,28
P232,2024-10-01,92
P233,2024-10-01,29
P234,2024-10-01,34
P235,2024-10-01,115
P236,2024-10-01,36
P237,2024-10-01,70
P238,2024-10-01,85
P239,2024-10-01,106
P240,2024-10-01,40
P241,2024-10-01,53
P242,2024-10-01,204
P243,2024-10-01,75
P244,2024-10-01,40
P245,2024-10-01,54
P246,2024-10-01,173
P247,2024-10-01,45
P248,2024-10-01,120
P249,2024-10-01,92
P250,2024-10-01,42
P001,2024-11-01,63
P002,2024-11-01,25
P003,2024-11-01,76
P004,2024-11-01,116
P005,2024-11-01,36
P006,2024-11-01,67
P007,2024-11-01,83
P008,2024-11-01,52
P009,2024-11-01,88
P010,2024-11-01,66
P011,2024-11-01,66
P012,2024-11-01,96
P013,2024-11-01,32
P014,2024-11-01,34
P015,2024-11-01,102
P016,2024-11-01,73
P017,2024-11-01,45
P018,2024-11-01,33
P019,2024-11-01,29
P020,2024-11-01,174
P021,2024-11-01,49
P022,2024-11-01,43
P023,2024-11-01,45
P024,2024-11-01,48
P025,2024-11-01,77
P026,2024-11-01,174
P027,2024-11-01,29
P028,2024-11-01,71
P029,2024-11-01,39
P030,2024-11-01,161
P031,2024-11-01,186
P032,2024-11-01,42
P033,2024-11-01,176
P034,2024-11-01,156
P035,2024-11-01,81
P036,2024-11-01,42
P037,2024-11-01,232
P038,2024-11-01,100
P039,2024-11-01,137
P040,2024-11-01,111
P041,2024-11-01,51
P042,2024-11-01,89
P043,2024-11-01,147
P044,2024-11-01,48
P045,2024-11-01,36
P046,2024-11-01,65
P047,2024-11-01,119
P048,2024-11-01,78
P049,2024-11-01,72
P050,2024-11-01,33
P051,2024-11-01,34
P052,2024-11-01,48
P053,2024-11-01,51
P054,2024-11-01,67
P055,2024-11-01,79
P056,2024-11-01,152
P057,2024-11-01,59
P058,2024-11-01,76
P059,2024-11-01,54
P060,2024-11-01,139
P061,2024-11-01,46
P062,2024-11-01,39
P063,2024-11-01,126
P064,2024-11-01,71
P065,2024-11-01,109
P066,2024-11-01,195
P067,2024-11-01,123
P068,2024-11-01,94
P069,2024-11-01,81
P070,2024-11-01,147
P071,2024-11-01,103
P072,2024-11-01,162
P073,2024-11-01,41
P074,2024-11-01,41
P075,2024-11-01,47
P076,2024-11-01,92
P077,2024-11-01,27
P078,2024-11-01,27
P079,2024-11-01,48
P080,2024-11-01,30
P081,2024-11-01,26
P082,2024-11-01,216
P083,2024-11-01,104
P084,2024-11-01,229
P085,2024-11-01,96
P086,2024-11-01,121
P087,2024-11-01,279
P088,2024-11-01,61
P089,2024-11-01,26
P090,2024-11-01,69
P091,2024-11-01,68
P092,2024-11-01,82
P093,2024-11-01,42
P094,2024-11-01,106
P095,2024-11-01,82
P096,2024-11-01,66
P097,2024-11-01,73
P098,2024-11-01,53
P099,2024-11-01,43
P100,2024-11-01,252
P101,2024-11-01,55
P102,2024-11-01,47
P103,2024-11-01,165
P104,2024-11-01,121
P105,2024-11-01,30
P106,2024-11-01,39
P107,2024-11-01,30
P108,2024-11-01,53
P109,2024-11-01,87
P110,2024-11-01,58
P111,2024-11-01,237
P112,2024-11-01,42
P113,2024-11-01,34
P114,2024-11-01,113
P115,2024-11-01,85
P116,2024-11-01,79
P117,2024-11-01,84
P118,2024-11-01,82
P119,2024-11-01,31
P120,2024-11-01,51
P121,2024-11-01,62
P122,2024-11-01,60
P123,2024-11-01,47
P124,2024-11-01,69
P125,2024-11-01,78
P126,2024-11-01,39
P127,2024-11-01,77
P128,2024-11-01,95
P129,2024-11-01,131
P130,2024-11-01,27
P131,2024-11-01,97
P132,2024-11-01,170
P133,2024-11-01,153
P134,2024-11-01,175
P135,2024-11-01,138
P136,2024-11-01,58
P137,2024-11-01,76
P138,2024-11-01,151
P139,2024-11-01,31
P140,2024-11-01,37
P141,2024-11-01,66
P142,2024-11-01,137
P143,2024-11-01,29
P144,2024-11-01,171
P145,2024-11-01,31
P146,2024-11-01,26
P147,2024-11-01,64
P148,2024-11-01,117
P149,2024-11-01,66
P150,2024-11-01,75
P151,2024-11-01,74
P152,2024-11-01,29
P153,2024-11-01,164
P154,2024-11-01,55
P155,2024-11-01,197
P156,2024-11-01,74
P157,2024-11-01,127
P158,2024-11-01,97
P159,2024-11-01,78
P160,2024-11-01,70
P161,2024-11-01,31
P162,2024-11-01,62
P163,2024-11-01,131
P164,2024-11-01,124
P165,2024-11-01,32
P166,2024-11-01,59
P167,2024-11-01,85
P168,2024-11-01,124
P169,2024-11-01,65
P170,2024-11-01,47
P171,2024-11-01,144
P172,2024-11-01,69
P173,2024-11-01,316
P174,2024-11-01,95
P175,2024-11-01,44
P176,2024-11-01,76
P177,2024-11-01,224
P178,2024-11-01,76
P179,2024-11-01,61
P180,2024-11-01,42
P181,2024-11-01,114
P182,2024-11-01,97
P183,2024-11-01,50
P184,2024-11-01,83
P185,2024-11-01,72
P186,2024-11-01,27
P187,2024-11-01,51
P188,2024-11-01,147
P189,2024-11-01,301
P190,2024-11-01,70
P191,2024-11-01,78
P192,2024-11-01,121
P193,2024-11-01,65
P194,2024-11-01,92
P195,2024-11-01,58
P196,2024-11-01,37
P197,2024-11-01,388
P198,2024-11-01,32
P199,2024-11-01,106
P200,2024-11-01,55
P201,2024-11-01,70
P202,2024-11-01,65
P203,2024-11-01,158
P204,2024-11-01,81
P205,2024-11-01,479
P206,2024-11-01,42
P207,2024-11-01,103
P208,2024-11-01,47
P209,2024-11-01,70
P210,2024-11-01,268
P211,2024-11-01,99
P212,2024-11-01,32
P213,2024-11-01,100
P214,2024-11-01,1
P215,2024-11-01,47
P216,2024-11-01,110
P217,2024-11-01,57
P218,2024-11-01,60
P219,2024-11-01,63
P220,2024-11-01,96
P221,2024-11-01,80
P222,2024-11-01,72
P223,2024-11-01,57
P224,2024-11-01,28
P225,2024-11-01,30
P226,2024-11-01,38
P227,2024-11-01,78
P228,2024-11-01,221
P229,2024-11-01,51
P230,2024-11-01,61
P231,2024-11-01,22
P232,2024-11-01,83
P233,2024-11-01,22
P234,2024-11-01,42
P235,2024-11-01,169
P236,2024-11-01,27
P237,2024-11-01,90
P238,2024-11-01,127
P239,2024-11-01,164
P240,2024-11-01,37
P241,2024-11-01,51
P242,2024-11-01,228
P243,2024-11-01,42
P244,2024-11-01,56
P245,2024-11-01,44
P246,2024-11-01,37
P247,2024-11-01,153
P248,2024-11-01,86
P249,2024-11-01,99
P250,2024-11-01,38
P001,2024-12-01,47
P002,2024-12-01,29
P003,2024-12-01,72
P004,2024-12-01,130
P005,2024-12-01,29
P006,2024-12-01,76
P007,2024-12-01,99
P008,2024-12-01,121
P009,2024-12-01,72
P010,2024-12-01,70
P011,2024-12-01,37
P012,2024-12-01,103
P013,2024-12-01,92
P014,2024-12-01,33
P015,2024-12-01,97
P016,2024-12-01,68
P017,2024-12-01,53
P018,2024-12-01,29
P019,2024-12-01,31
P020,2024-12-01,185
P021,2024-12-01,50
P022,2024-12-01,38
P023,2024-12-01,44
P024,2024-12-01,48
P025,2024-12-01,66
P026,2024-12-01,153
P027,2024-12-01,48
P028,2024-12-01,75
P029,2024-12-01,30
P030,2024-12-01,169
P031,2024-12-01,202
P032,2024-12-01,37
P033,2024-12-01,131
P034,2024-12-01,125
P035,2024-12-01,77
P036,2024-12-01,34
P037,2024-12-01,135
P038,2024-12-01,83
P039,2024-12-01,121
P040,2024-12-01,53
P041,2024-12-01,63
P042,2024-12-01,90
P043,2024-12-01,133
P044,2024-12-01,114
P045,2024-12-01,40
P046,2024-12-01,83
P047,2024-12-01,372
P048,2024-12-01,56
P049,2024-12-01,71
P050,2024-12-01,41
P051,2024-12-01,30
P052,2024-12-01,37
P053,2024-12-01,50
P054,2024-12-01,90
P055,2024-12-01,60
P056,2024-12-01,171
P057,2024-12-01,70
P058,2024-12-01,126
P059,2024-12-01,96
P060,2024-12-01,149
P061,2024-12-01,36
P062,2024-12-01,50
P063,2024-12-01,124
P064,2024-12-01,67
P065,2024-12-01,137
P066,2024-12-01,91
P067,2024-12-01,103
P068,2024-12-01,109
P069,2024-12-01,111
P070,2024-12-01,203
P071,2024-12-01,102
P072,2024-12-01,165
P073,2024-12-01,361
P074,2024-12-01,50
P075,2024-12-01,46
P076,2024-12-01,100
P077,2024-12-01,42
P078,2024-12-01,38
P079,2024-12-01,51
P080,2024-12-01,54
P081,2024-12-01,38
P082,2024-12-01,263
P083,2024-12-01,100
P084,2024-12-01,214
P085,2024-12-01,116
P086,2024-12-01,138
P087,2024-12-01,283
P088,2024-12-01,48
P089,2024-12-01,28
P090,2024-12-01,63
P091,2024-12-01,60
P092,2024-12-01,50
P093,2024-12-01,39
P094,2024-12-01,93
P095,2024-12-01,109
P096,2024-12-01,64
P097,2024-12-01,63
P098,2024-12-01,62
P099,2024-12-01,67
P100,2024-12-01,23
P101,2024-12-01,42
P102,2024-12-01,91
P103,2024-12-01,157
P104,2024-12-01,150
P105,2024-12-01,36
P106,2024-12-01,44
P107,2024-12-01,26
P108,2024-12-01,44
P109,2024-12-01,55
P110,2024-12-01,66
P111,2024-12-01,225
P112,2024-12-01,49
P113,2024-12-01,39
P114,2024-12-01,73
P115,2024-12-01,71
P116,2024-12-01,71
P117,2024-12-01,64
P118,2024-12-01,94
P119,2024-12-01,26
P120,2024-12-01,52
P121,2024-12-01,91
P122,2024-12-01,68
P123,2024-12-01,77
P124,2024-12-01,69
P125,2024-12-01,128
P126,2024-12-01,53
P127,2024-12-01,162
P128,2024-12-01,111
P129,2024-12-01,101
P130,2024-12-01,29
P131,2024-12-01,94
P132,2024-12-01,102
P133,2024-12-01,135
P134,2024-12-01,248
P135,2024-12-01,257
P136,2024-12-01,72
P137,2024-12-01,70
P138,2024-12-01,65
P139,2024-12-01,34
P140,2024-12-01,34
P141,2024-12-01,44
P142,2024-12-01,139
P143,2024-12-01,52
P144,2024-12-01,145
P145,2024-12-01,36
P146,2024-12-01,20
P147,2024-12-01,62
P148,2024-12-01,117
P149,2024-12-01,63
P150,2024-12-01,156
P151,2024-12-01,65
P152,2024-12-01,26
P153,2024-12-01,174
P154,2024-12-01,47
P155,2024-12-01,99
P156,2024-12-01,75
P157,2024-12-01,98
P158,2024-12-01,80
P159,2024-12-01,80
P160,2024-12-01,84
P161,2024-12-01,33
P162,2024-12-01,50
P163,2024-12-01,236
P164,2024-12-01,100
P165,2024-12-01,42
P166,2024-12-01,71
P167,2024-12-01,110
P168,2024-12-01,108
P169,2024-12-01,64
P170,2024-12-01,61
P171,2024-12-01,149
P172,2024-12-01,74
P173,2024-12-01,183
P174,2024-12-01,183
P175,2024-12-01,67
P176,2024-12-01,57
P177,2024-12-01,234
P178,2024-12-01,64
P179,2024-12-01,60
P180,2024-12-01,30
P181,2024-12-01,115
P182,2024-12-01,80
P183,2024-12-01,43
P184,2024-12-01,63
P185,2024-12-01,90
P186,2024-12-01,25
P187,2024-12-01,43
P188,2024-12-01,164
P189,2024-12-01,367
P190,2024-12-01,86
P191,2024-12-01,70
P192,2024-12-01,200
P193,2024-12-01,78
P194,2024-12-01,77
P195,2024-12-01,54
P196,2024-12-01,27
P197,2024-12-01,51
P198,2024-12-01,43
P199,2024-12-01,114
P200,2024-12-01,44
P201,2024-12-01,68
P202,2024-12-01,54
P203,2024-12-01,112
P204,2024-12-01,78
P205,2024-12-01,223
P206,2024-12-01,33
P207,2024-12-01,54
P208,2024-12-01,67
P209,2024-12-01,79
P210,2024-12-01,184
P211,2024-12-01,89
P212,2024-12-01,36
P213,2024-12-01,108
P214,2024-12-01,105
P215,2024-12-01,42
P216,2024-12-01,124
P217,2024-12-01,61
P218,2024-12-01,64
P219,2024-12-01,89
P220,2024-12-01,102
P221,2024-12-01,96
P222,2024-12-01,87
P223,2024-12-01,62
P224,2024-12-01,48
P225,2024-12-01,73
P226,2024-12-01,44
P227,2024-12-01,46
P228,2024-12-01,215
P229,2024-12-01,40
P230,2024-12-01,44
P231,2024-12-01,28
P232,2024-12-01,69
P233,2024-12-01,27
P234,2024-12-01,51
P235,2024-12-01,110
P236,2024-12-01,27
P237,2024-12-01,64
P238,2024-12-01,146
P239,2024-12-01,206
P240,2024-12-01,47
P241,2024-12-01,50
P242,2024-12-01,144
P243,2024-12-01,74
P244,2024-12-01,48
P245,2024-12-01,39
P246,2024-12-01,23
P247,2024-12-01,41
P248,2024-12-01,126
P249,2024-12-01,94
P250,2024-12-01,41
